"Record ID",Study:,"Wave data dictionary belongs in?","Variable name","Description of variable","Domain/Main category of the variable:","Type of Metadata?","Type of demographics?","Type of clinical characteristics?","Type of current diagnosis?","Course of bipolar illness-symptoms type?","Type of hospitalization variables?","Type of suicidality variables?","Type of history of psych symptom variables?","Course of bipolar illness-episodes type?","First episode features type?","Psychotic Episode Course type?","Depressive Episode Course type?","Manic Episode Course type?","Hypomanic Episode Course type?","Mixed Episode Course type?","General Episodic Features type?","Course of non-bipolar psychiatric illness type?","History of non-bipolar diagnosis type?","Family history type?","Current illness severity type?","Substance use type?","Functioning type?","Course of treatment type?","Current pharmacological treatment type?","Drug class type?","Antipsychotic type?","Please specify:","Please specify:","Please specify:","Anticonvulsants/Mood Stabilizers type?","Please specify:","Please specify:","Antidepressant type?","Please specify:","Please specify:","Sedative-Hypnotics type?","Please specify:","Please specify:","Li(Lithium) type?","Please specify:","Please specify:","Stimulants type?","Please specify:","Please specify:","Other drug type?","Please specify:","Please specify:","Polypharmacy drug type?","Please specify:","Please specify:","Non psychiatric medication type?","Please specify:","Please specify:","Please specify:","Please specify:","Please specify:","Please specify:","Medication adherence type?","Lifetime pharmacological treatment type?","Lifetime drug class type?","Lifetime Antipsychotic type?","Please specify:","Lifetime Anticonvulsants/Mood Stabilizers type?","Please specify:","Lifetime Antidepressant type?","Please specify:","Lifetime Sedative-Hypnotics type?","Please specify:","Lifetime Li(Lithium) type?","Please specify:","Please specify:","Lifetime Stimulants type?","Please specify:","Lifetime Other drug type?","Please specify:","Lifetime Polypharmacy drug type?","Please specify:","Lifetime Non psychiatric medication type?","Please specify:","Please specify:","Please specify:","Please specify:","Please specify:","Other non-pharmacological treatment type?","ECT type?","Clinical Trial- Specific  type?","Trauma/Stress  type?","Physical Abuse type?","Sexual Abuse type?","Positive Psychological Factors type?","Physical health type?","Comorbidities type?","Heart type?","Vascular type?","Global physical comorbidity type?","Smoking type?","Physical Measurements type?","Sleep/circadian rhythms type?","Lab work type?","Saliva, skin, hair type?","Cognitive type?","Global type?","Physiological type?","Imaging type?","Ecological Momentary Assessment type?","Miscellaneous type?","Please specify miscellaneous variable:","What was the battery used to create the variable, if applicable?","Please specify 'Other' battery:","Was an instrument used to create this variable?","What instrument was used to create this variable?","Please specify other instrument:","Is this variable an item score or total/summary score?","Is this a reverse-scored item? ","Do we need to manually reverse-code this item ourselves on the data provided? ","What is the item number?","Is this variable continuous or categorical?","What are the units for this continuous variable?(i.e. kilograms, lbs, scale, milligrams, years)","How many levels are there in this categorical variable?","What is the coding scheme for this variable? (1=xxx, 2=xxx....)","Is this variable dependent on any other variable in dataset?(this variable was only applicable if someone answered yes to a previous variable)","Variables this variable is dependent on?","General notes about the variable?",Complete?
1524,Gage_masterfile,,record_id,"Study ID",Metadata,Other,,,,,,,,,,,,,,,,,,,,,,,,,,,,,,,,,,,,,,,,,,,,,,,,,,,,,,,,,,,,,,,,,,,,,,,,,,,,,,,,,,,,,,,,,,,,,,,,,,,,,,,,,,,None,,No,,,,,,,"String/character variable",,,,No,,,Complete
1525,Gage_masterfile,,site,Site,Metadata,Other,,,,,,,,,,,,,,,,,,,,,,,,,,,,,,,,,,,,,,,,,,,,,,,,,,,,,,,,,,,,,,,,,,,,,,,,,,,,,,,,,,,,,,,,,,,,,,,,,,,,,,,,,,,None,,No,,,,,,,"String/character variable",,,,No,,,Unverified
1526,Gage_masterfile,,study,Study,Metadata,Other,,,,,,,,,,,,,,,,,,,,,,,,,,,,,,,,,,,,,,,,,,,,,,,,,,,,,,,,,,,,,,,,,,,,,,,,,,,,,,,,,,,,,,,,,,,,,,,,,,,,,,,,,,,None,,Yes,None,,,,,,"String/character variable",,,,No,,,Unverified
1527,Gage_masterfile,,wave_data,"Wave/batch of data?",Metadata,Other,,,,,,,,,,,,,,,,,,,,,,,,,,,,,,,,,,,,,,,,,,,,,,,,,,,,,,,,,,,,,,,,,,,,,,,,,,,,,,,,,,,,,,,,,,,,,,,,,,,,,,,,,,,None,,No,,,,,,,"String/character variable",,,,No,,,Unverified
1528,Gage_masterfile,,id,"Participant ID(from site)",Metadata,"Subject identifier",,,,,,,,,,,,,,,,,,,,,,,,,,,,,,,,,,,,,,,,,,,,,,,,,,,,,,,,,,,,,,,,,,,,,,,,,,,,,,,,,,,,,,,,,,,,,,,,,,,,,,,,,,,None,,No,,,,,,,Continuous,integer,,,No,,,Unverified
1529,Gage_masterfile,,gscore,"Global cognition(score)",Cognitive,,,,,,,,,,,,,,,,,,,,,,,,,,,,,,,,,,,,,,,,,,,,,,,,,,,,,,,,,,,,,,,,,,,,,,,,,,,,,,,,,,,,,,,,,,,,,,,,,,,,,Global,"Global/screening score",,,,,,None,,Yes,Multiple,,"Total/summary score",No,No,,Continuous,integer,,,No,,,Complete
1530,Gage_masterfile,,mixitygroup,"Mixity Group","Clinical characteristics",,,"Current diagnosis","Other diagnostic specifiers",,,,,,,,,,,,,,,,,,,,,,,,,,,,,,,,,,,,,,,,,,,,,,,,,,,,,,,,,,,,,,,,,,,,,,,,,,,,,,,,,,,,,,,,,,,,,,,,,,,,,,,,None,,Yes,Multiple,,"Total/summary score",No,No,,Categorical,,4,"1 Equivalently Asymptomatic  2 Equivalently Symptomatic  3 Mania>Depression  4 Depression>Mania",No,,,Unverified
1531,Gage_masterfile,,gage_id,"ID in GAGE masterfile",Metadata,Other,,,,,,,,,,,,,,,,,,,,,,,,,,,,,,,,,,,,,,,,,,,,,,,,,,,,,,,,,,,,,,,,,,,,,,,,,,,,,,,,,,,,,,,,,,,,,,,,,,,,,,,,,,,None,,No,,,,,,,Continuous,integer,,,No,,,Complete
1532,Gage_masterfile,,bd_hc,"Bipolar or healthy control","Clinical characteristics",,,"Current diagnosis","Diagnostic group (e.g., Bipolar vs other psychiatric diagnosis or HC)",,,,,,,,,,,,,,,,,,,,,,,,,,,,,,,,,,,,,,,,,,,,,,,,,,,,,,,,,,,,,,,,,,,,,,,,,,,,,,,,,,,,,,,,,,,,,,,,,,,,,,,,None,,No,,,,,,,Categorical,,3,"1 bipolar  0 healthy control  2 Other(different mental illness etc...)",No,,,Complete
1533,Gage_masterfile,,age,"Participant age at baseline",Demographics,,"Age at enrollment",,,,,,,,,,,,,,,,,,,,,,,,,,,,,,,,,,,,,,,,,,,,,,,,,,,,,,,,,,,,,,,,,,,,,,,,,,,,,,,,,,,,,,,,,,,,,,,,,,,,,,,,,,None,,No,,,,,,,Continuous,integer,,,No,,,Complete
1534,Gage_masterfile,,gender,Gender,Demographics,,"Sex / Gender / Gender Identity",,,,,,,,,,,,,,,,,,,,,,,,,,,,,,,,,,,,,,,,,,,,,,,,,,,,,,,,,,,,,,,,,,,,,,,,,,,,,,,,,,,,,,,,,,,,,,,,,,,,,,,,,,None,,No,,,,,,,Categorical,,"3 ","0 Male  1 Female  2 Other",,,,Unverified
1535,Gage_masterfile,,diagnosis,"Diagnosis type:","Clinical characteristics",,,"Current diagnosis","Bipolar subtype (Bipolar 1 or 2 or NOS)",,,,,,,,,,,,,,,,,,,,,,,,,,,,,,,,,,,,,,,,,,,,,,,,,,,,,,,,,,,,,,,,,,,,,,,,,,,,,,,,,,,,,,,,,,,,,,,,,,,,,,,,None,,Yes,None,,,,,,Categorical,,4,"1 Bipolar 1  2 Bipolar 2  3 Unknown/NOS  4 Not applicable(Not BD)",No,,,Complete
1536,Gage_masterfile,,age_of_onset,"Age of onset of bipolar disorder(or disorder if not BD)","Course of bipolar illness-symptoms",,,,,"Age at onset (indicate 'onset of what?' in description)",,,,,,,,,,,,,,,,,,,,,,,,,,,,,,,,,,,,,,,,,,,,,,,,,,,,,,,,,,,,,,,,,,,,,,,,,,,,,,,,,,,,,,,,,,,,,,,,,,,,,,,None,,No,,,,,,,Continuous,integers,,,No,,,Complete
1537,Gage_masterfile,,duration_bd,"Duration of illness/diagnosis(Bipolar or otherwise)","Course of bipolar illness-symptoms",,,,,"Duration of illness (indicate in variable description how calculated)",,,,,,,,,,,,,,,,,,,,,,,,,,,,,,,,,,,,,,,,,,,,,,,,,,,,,,,,,,,,,,,,,,,,,,,,,,,,,,,,,,,,,,,,,,,,,,,,,,,,,,,None,,No,,,,,,,Continuous,integer,,,No,,,Complete
1538,Gage_masterfile,,education,"Education in years",Demographics,,Education,,,,,,,,,,,,,,,,,,,,,,,,,,,,,,,,,,,,,,,,,,,,,,,,,,,,,,,,,,,,,,,,,,,,,,,,,,,,,,,,,,,,,,,,,,,,,,,,,,,,,,,,,,None,,Yes,None,,,,,,Continuous,integer,,,No,,,Complete
1539,Gage_masterfile,,occupation_yn,"Occupation status:Note: Homemaker and student occupations categories are included in the 'working' category. Occupation in this dataset is more of a matter of measuring functionality than working 'outside the home' or otherwise.",Demographics,,"Occupational status",,,,,,,,,,,,,,,,,,,,,,,,,,,,,,,,,,,,,,,,,,,,,,,,,,,,,,,,,,,,,,,,,,,,,,,,,,,,,,,,,,,,,,,,,,,,,,,,,,,,,,,,,,None,,No,,,,,,,Categorical,,2,"0 not working  1 working",No,,,Complete
1540,Gage_masterfile,,relationship_status,"Relationship status?",Demographics,,"Relationship status",,,,,,,,,,,,,,,,,,,,,,,,,,,,,,,,,,,,,,,,,,,,,,,,,,,,,,,,,,,,,,,,,,,,,,,,,,,,,,,,,,,,,,,,,,,,,,,,,,,,,,,,,,None,,No,,,,,,,Categorical,,3,"1 currently single (never  married/divorced/separated/widowed)  2 married/commonlaw/cohabitating/in steady  relationship  3 unknown/refused",No,,,Complete
1541,Gage_masterfile,,smoke,"Smoking status?","Physical health",,,,,,,,,,,,,,,,,,,,,,,,,,,,,,,,,,,,,,,,,,,,,,,,,,,,,,,,,,,,,,,,,,,,,,,,,,,,,,,,,,,,,,,,,,,Smoking,,,,,"History of smoking",,,,,,,,,,,,None,,No,,,,,,,Categorical,,4,"0 Never  1 Current smoker  2 Lifetime smoker(past)  3 Not clear/lifetime",No,,,Complete
1542,Gage_masterfile,,oabd,"Age above 50?",Demographics,,"Age at enrollment",,,,,,,,,,,,,,,,,,,,,,,,,,,,,,,,,,,,,,,,,,,,,,,,,,,,,,,,,,,,,,,,,,,,,,,,,,,,,,,,,,,,,,,,,,,,,,,,,,,,,,,,,,None,,No,,,,,,,Categorical,,2,"0 Age less than 50 years  1 Age 50 years or older",No,,,Complete
1543,Gage_masterfile,,psych_hospyn,"Ever been hospitalized for psychiatric condition(excluding substance use/dependence)?","Course of bipolar illness-symptoms",,,,,Hospitalizations,"Ever been hospitalized/psychiatric hospitalizations",,,,,,,,,,,,,,,,,,,,,,,,,,,,,,,,,,,,,,,,,,,,,,,,,,,,,,,,,,,,,,,,,,,,,,,,,,,,,,,,,,,,,,,,,,,,,,,,,,,,,,None,,No,,,,,,,Categorical,,2,"0 No  1 Yes",No,,,Unverified
1544,Gage_masterfile,,psych_hosp,"Number of psychiatric hospitalizations(excluding substance use/dependence)","Course of bipolar illness-symptoms",,,,,Hospitalizations,"Number of psychiatric hospitalizations",,,,,,,,,,,,,,,,,,,,,,,,,,,,,,,,,,,,,,,,,,,,,,,,,,,,,,,,,,,,,,,,,,,,,,,,,,,,,,,,,,,,,,,,,,,,,,,,,,,,,,None,,No,,,,,,,Continuous,integer,,,No,,,Complete
1545,Gage_masterfile,,subabuse_hospyn,"Ever been hospitalized for substance use/dependence?","Course of bipolar illness-symptoms",,,,,Hospitalizations,"Ever been hospitalized/psychiatric hospitalizations",,,,,,,,,,,,,,,,,,,,,,,,,,,,,,,,,,,,,,,,,,,,,,,,,,,,,,,,,,,,,,,,,,,,,,,,,,,,,,,,,,,,,,,,,,,,,,,,,,,,,,None,,No,,,,,,,Categorical,,,"0 No  1 Yes",No,,,Complete
1546,Gage_masterfile,,psychsub_hospyn,"Ever hospitalized for psychiatric condition OR substance use?","Course of bipolar illness-symptoms",,,,,Hospitalizations,"Ever been hospitalized/psychiatric hospitalizations",,,,,,,,,,,,,,,,,,,,,,,,,,,,,,,,,,,,,,,,,,,,,,,,,,,,,,,,,,,,,,,,,,,,,,,,,,,,,,,,,,,,,,,,,,,,,,,,,,,,,,None,,No,,,,,,,Categorical,,2,"0 No  1 Yes",No,,,Complete
1547,Gage_masterfile,,psych_com_current,"Current non-bipolar psychiatric diagnosis","Clinical characteristics",,,"Current diagnosis","Current non-bipolar diagnosis/psychiatric comorbidity",,,,,,,,,,,,,,,,,,,,,,,,,,,,,,,,,,,,,,,,,,,,,,,,,,,,,,,,,,,,,,,,,,,,,,,,,,,,,,,,,,,,,,,,,,,,,,,,,,,,,,,,None,,No,,,,,,,Categorical,,5,"0 None  1 Current Anxiety Disorder  2 Current Substance/Alcohol Use Disorder  3 Both  4 Not clear",No,,,Complete
1548,Gage_masterfile,,psych_com_current_anxiety,"Current non-bipolar anxiety diagnosis","Clinical characteristics",,,"Current diagnosis","Current non-bipolar diagnosis/psychiatric comorbidity",,,,,,,,,,,,,,,,,,,,,,,,,,,,,,,,,,,,,,,,,,,,,,,,,,,,,,,,,,,,,,,,,,,,,,,,,,,,,,,,,,,,,,,,,,,,,,,,,,,,,,,,None,,No,,,,,,,Categorical,,3,"0 None  1 Lifetime Anxiety Disorder (current or past)  2 Not clear",No,,,Complete
1549,Gage_masterfile,,psych_com_current_sud,"Current non-bipolar substance abuse diagnosis","Clinical characteristics",,,"Current diagnosis","Current substance or alcohol abuse/dependence diagnosis",,,,,,,,,,,,,,,,,,,,,,,,,,,,,,,,,,,,,,,,,,,,,,,,,,,,,,,,,,,,,,,,,,,,,,,,,,,,,,,,,,,,,,,,,,,,,,,,,,,,,,,,None,,No,,,,,,,Categorical,,3,"0 None  1 Lifetime Substance Use Disorder (current or  past)  2 Not clear",No,,"0 None  1 Lifetime Substance Use Disorder (current or  past)  2 Not clear",Complete
1550,Gage_masterfile,,psych_com_life,"Lifetime non-bipolar psychiatric diagnosis","Course of non-bipolar psychiatric illness",,,,,,,,,,,,,,,,,"History of non-bipolar diagnosis","Affective Disorder",,,,,,,,,,,,,,,,,,,,,,,,,,,,,,,,,,,,,,,,,,,,,,,,,,,,,,,,,,,,,,,,,,,,,,,,,,,,,,,,,,,,,,,,,,None,,No,,,,,,,Categorical,,5,"0 None  1 Lifetime Anxiety Disorder (current or past)  2 Lifetime Substance/Alcohol Use Disorder  (current or past)  3 Both  4 Not clear",No,,,Complete
1551,Gage_masterfile,,psych_com_life_anxiety,"Lifetime non-bipolar anxiety diagnosis","Course of non-bipolar psychiatric illness",,,,,,,,,,,,,,,,,"History of non-bipolar diagnosis","Anxiety disorder",,,,,,,,,,,,,,,,,,,,,,,,,,,,,,,,,,,,,,,,,,,,,,,,,,,,,,,,,,,,,,,,,,,,,,,,,,,,,,,,,,,,,,,,,,None,,No,,,,,,,Categorical,,3,"0 None  1 Lifetime Anxiety Disorder (current or past)  2 Not clear",No,,"0 None  1 Lifetime Anxiety Disorder (current or past)  2 Not clear",Complete
1552,Gage_masterfile,,psych_com_life_sud,"Lifetime non-bipolar substance use diagnosis","Course of non-bipolar psychiatric illness",,,,,,,,,,,,,,,,,"History of non-bipolar diagnosis","Substance abuse/dependence",,,,,,,,,,,,,,,,,,,,,,,,,,,,,,,,,,,,,,,,,,,,,,,,,,,,,,,,,,,,,,,,,,,,,,,,,,,,,,,,,,,,,,,,,,None,,No,,,,,,,Categorical,,3,"0 None  1 Lifetime Substance Use Disorder (current or  past)  2 Not clear",No,,,Complete
1553,Gage_masterfile,,rapid_cycling,"Rapid cycling?","Clinical characteristics",,,"Current diagnosis",Rapid-cycling,,,,,,,,,,,,,,,,,,,,,,,,,,,,,,,,,,,,,,,,,,,,,,,,,,,,,,,,,,,,,,,,,,,,,,,,,,,,,,,,,,,,,,,,,,,,,,,,,,,,,,,,None,,No,,,,,,,Categorical,,3,"0 No history  1 History of rapid cycling (current or past)  2 Other(possibly or probable rapid cycling)",No,,,Complete
1554,Gage_masterfile,,total_affect,"Total number of affective episodes(life)","Course of bipolar illness-episodes",,,,,,,,,"General episodic features",,,,,,,"Total number of affective episodes (life)",,,,,,,,,,,,,,,,,,,,,,,,,,,,,,,,,,,,,,,,,,,,,,,,,,,,,,,,,,,,,,,,,,,,,,,,,,,,,,,,,,,,,,,,,,,,None,,No,,,,,,,Continuous,integer,,,No,,,Unverified
1555,Gage_masterfile,,total_affect_count,"Total affective episodes countable information(manic, hypomanic, mixed, depressive episodes summed into one variable)(were there categories such as 'too many to count' so that affective episodes couldn't be summed or","Course of bipolar illness-episodes",,,,,,,,,"General episodic features",,,,,,,"Total number of affective episodes (life)",,,,,,,,,,,,,,,,,,,,,,,,,,,,,,,,,,,,,,,,,,,,,,,,,,,,,,,,,,,,,,,,,,,,,,,,,,,,,,,,,,,,,,,,,,,,None,,No,,,,,,,Categorical,,3,"1 Countable(each affective episode variable had a  value that could be summed)  2 Uncountable(values representing 'too many to  count' and missing values within the indvidual  affective episode variables that make summing  the total affective episodes difficult).  3 Missing(no values/answers were given for any of  the total affective episode fields)",No,,,Unverified
1556,Gage_masterfile,,familyhxmi,"Family history of mental illness?","Family history",,,,,,,,,,,,,,,,,,,"Psychiatric disorders/Mental illness",,,,,,,,,,,,,,,,,,,,,,,,,,,,,,,,,,,,,,,,,,,,,,,,,,,,,,,,,,,,,,,,,,,,,,,,,,,,,,,,,,,,,,,,,None,,No,,,,,,,Categorical,,2,"1 Yes  0 No",No,,,Complete
1557,Gage_masterfile,,lith_des,"<div class=""rich-text-field-label""><p style=""text-align: center;""><span style=""background-color: #f1c40f;"">LITHIUM</span></p></div>","Current pharmacological treatment",,,,,,,,,,,,,,,,,,,,,,,,"Drug class",Li(Lithium),,,,,,,,,,,,,,"Drug name",,,,,,,,,,,,,,,,,,,,,,,,,,,,,,,,,,,,,,,,,,,,,,,,,,,,,,,,,,,,,,,,,,,,,None,,No,,,,,,,"String/character variable",,,,No,," ",Complete
1558,Gage_masterfile,,current_lithium,"Currently on lithium?","Current pharmacological treatment",,,,,,,,,,,,,,,,,,,,,,,,"Drug class",Li(Lithium),,,,,,,,,,,,,,,,,,,,,,,,,,,,,,,,,,,,,,,,,,,,,,,,,,,,,,,,,,,,,,,,,,,,,,,,,,,,,,,,,,,None,,Yes,None,,,,,,Categorical,,2,"1 Yes  0 No",No,,,Complete
1559,Gage_masterfile,,lithium_dose,"Current dosage of lithium(in mg)?","Current pharmacological treatment",,,,,,,,,,,,,,,,,,,,,,,,"Drug class",Li(Lithium),,,,,,,,,,,,,,Dose,,,,,,,,,,,,,,,,,,,,,,,,,,,,,,,,,,,,,,,,,,,,,,,,,,,,,,,,,,,,,,,,,,,,,None,,No,,,,,,,Continuous,,,,No,,,Complete
1560,Gage_masterfile,,antipsyc_des,"<div class=""rich-text-field-label""><p style=""text-align: center;""><span style=""background-color: #f1c40f;"">ANTI-PSYCHOTICS</span></p></div>","Current pharmacological treatment",,,,,,,,,,,,,,,,,,,,,,,,"Drug class",Antipsychotics,,,,,,,,,,,,,,,,,,,,,,,,,,,,,,,,,,,,,,,,,,,,,,,,,,,,,,,,,,,,,,,,,,,,,,,,,,,,,,,,,,,None,,No,,,,,,,"String/character variable",,,,No,,,Complete
1561,Gage_masterfile,,ap_yn,"Currently on anti-psychotic medications?","Current pharmacological treatment",,,,,,,,,,,,,,,,,,,,,,,,"Drug class",Antipsychotics,"Drug name",,,,,,,,,,,,,,,,,,,,,,,,,,,,,,,,,,,,,,,,,,,,,,,,,,,,,,,,,,,,,,,,,,,,,,,,,,,,,,,,,,None,,No,,,,,,,Categorical,,2,"1 Yes  0 No",No,,,Complete
1562,Gage_masterfile,,ap_total,"Total number of anti-psychotic medications currently on?","Current pharmacological treatment",,,,,,,,,,,,,,,,,,,,,,,,"Drug class","Total psychiatric medications (count)",,,,,,,,,,,,,,,,,,,,,,,,,,,,,,,,,,,,,,,,,,,,,,,,,,,,,,,,,,,,,,,,,,,,,,,,,,,,,,,,,,,None,,No,,,,,,,Continuous,integer,,,No,,,Complete
1563,Gage_masterfile,,ap_med1_name,"Name of first anti-psychotic medication?","Current pharmacological treatment",,,,,,,,,,,,,,,,,,,,,,,,"Drug class",Antipsychotics,"Drug name",,,,,,,,,,,,,,,,,,,,,,,,,,,,,,,,,,,,,,,,,,,,,,,,,,,,,,,,,,,,,,,,,,,,,,,,,,,,,,,,,,None,,No,,,,,,,"String/character variable",,,,No,,,Complete
1564,Gage_masterfile,,ap_med1_dose,"Dosage of first anti-psychotic medication?(in mg/milligrams)","Current pharmacological treatment",,,,,,,,,,,,,,,,,,,,,,,,"Drug class",Antipsychotics,Dose,,,,,,,,,,,,,,,,,,,,,,,,,,,,,,,,,,,,,,,,,,,,,,,,,,,,,,,,,,,,,,,,,,,,,,,,,,,,,,,,,,None,,No,,,,,,,Continuous,milligrams,,,No,,,Complete
1565,Gage_masterfile,,ap_med2_name,"Name of second anti-psychotic medication?","Current pharmacological treatment",,,,,,,,,,,,,,,,,,,,,,,,"Drug class",Antipsychotics,"Drug name",,,,,,,,,,,,,,,,,,,,,,,,,,,,,,,,,,,,,,,,,,,,,,,,,,,,,,,,,,,,,,,,,,,,,,,,,,,,,,,,,,None,,No,,,,,,,"String/character variable",,,,No,,,Complete
1566,Gage_masterfile,,ap_med2_dose,"Dosage of second anti-psychotic medication?","Current pharmacological treatment",,,,,,,,,,,,,,,,,,,,,,,,"Drug class",Antipsychotics,Dose,,,,,,,,,,,,,,,,,,,,,,,,,,,,,,,,,,,,,,,,,,,,,,,,,,,,,,,,,,,,,,,,,,,,,,,,,,,,,,,,,,None,,No,,,,,,,Continuous,milligrams,,,No,,,Complete
1567,Gage_masterfile,,ap_med3_name,"Name of third anti-psychotic medication?","Current pharmacological treatment",,,,,,,,,,,,,,,,,,,,,,,,"Drug class",Antipsychotics,"Drug name",,,,,,,,,,,,,,,,,,,,,,,,,,,,,,,,,,,,,,,,,,,,,,,,,,,,,,,,,,,,,,,,,,,,,,,,,,,,,,,,,,None,,No,,,,,,,"String/character variable",,,,,,,Complete
1568,Gage_masterfile,,ap_med3_dose,"Dosage of third anti-psychotic medication?","Current pharmacological treatment",,,,,,,,,,,,,,,,,,,,,,,,"Drug class",Antipsychotics,Dose,,,,,,,,,,,,,,,,,,,,,,,,,,,,,,,,,,,,,,,,,,,,,,,,,,,,,,,,,,,,,,,,,,,,,,,,,,,,,,,,,,None,,No,,,,,,,Continuous,milligrams,,,No,,,Complete
1569,Gage_masterfile,,ap_gen,"Generation type of anti-psychotic medication use?1st generation=typical anti-psych2nd generation=atypical anti-psych","Current pharmacological treatment",,,,,,,,,,,,,,,,,,,,,,,,"Drug class",Antipsychotics,,,,,,,,,,,,,,,,,,,,,,,,,,,,,,,,,,,,,,,,,,,,,,,,,,,,,,,,,,,,,,,,,,,,,,,,,,,,,,,,,,,None,,No,,,,,,,Categorical,,3,"1 1st generation anti-psychotic  2 2nd generation anti-psychotic  3 Both 1st and 2nd generation anti-psychotic",No,,,Complete
1570,Gage_masterfile,,ap_injection,"On long-acting injectable medication(injections)?","Current pharmacological treatment",,,,,,,,,,,,,,,,,,,,,,,,"Drug class",Other,,,,,,,,,,,,,,,,,,,,,,,,,,,,,,,,,,,,,,,,,,,,,,,,,,,,,,,,,,,,,,,,,,,,,,,,,,,,,,,,,,,None,,No,,,,,,,Categorical,,2,"   1 Yes  0 No",,,,Unverified
1571,Gage_masterfile,,ap_cpz_equivalent,"CPZ equivalent for antipsychotic drug","Current pharmacological treatment",,,,,,,,,,,,,,,,,,,,,,,,"Drug class",Antipsychotics,"Burden (e.g., CPZE)",,,,,,,,,,,,,,,,,,,,,,,,,,,,,,,,,,,,,,,,,,,,,,,,,,,,,,,,,,,,,,,,,,,,,,,,,,,,,,,,,,None,,No,,,,,,,"String/character variable",,,,No,,,Complete
1572,Gage_masterfile,,ad_desc,"<div class=""rich-text-field-label""><p style=""text-align: center;""><span style=""background-color: #f1c40f;"">ANTI-DEPRESSANTS</span></p></div>","Current pharmacological treatment",,,,,,,,,,,,,,,,,,,,,,,,"Drug class",Antidepressants,,,,,,,,,,,,,,,,,,,,,,,,,,,,,,,,,,,,,,,,,,,,,,,,,,,,,,,,,,,,,,,,,,,,,,,,,,,,,,,,,,,None,,No,,,,,,,"String/character variable",,,,,,,Unverified
1573,Gage_masterfile,,ad_yn,"Currently on anti-depressant medications?","Current pharmacological treatment",,,,,,,,,,,,,,,,,,,,,,,,"Drug class",Antidepressants,,,,,,,,,,,,,,,,,,,,,,,,,,,,,,,,,,,,,,,,,,,,,,,,,,,,,,,,,,,,,,,,,,,,,,,,,,,,,,,,,,,None,,No,,,,,,,Categorical,,2,"   1 Yes  0 No",,,,Complete
1574,Gage_masterfile,,ad_total,"Total number of anti-depressant medications currently on?","Current pharmacological treatment",,,,,,,,,,,,,,,,,,,,,,,,"Drug class",Antidepressants,,,,,,,,,,,,,,,,,,,,,,,,,,,,,,,,,,,,,,,,,,,,,,,,,,,,,,,,,,,,,,,,,,,,,,,,,,,,,,,,,,,None,,No,,,,,,,Continuous,integer,,,No,,,Complete
1575,Gage_masterfile,,ad_med1_name,"Name of first anti-depressant medication?","Current pharmacological treatment",,,,,,,,,,,,,,,,,,,,,,,,"Drug class",Antidepressants,,,,,,,,"Drug name",,,,,,,,,,,,,,,,,,,,,,,,,,,,,,,,,,,,,,,,,,,,,,,,,,,,,,,,,,,,,,,,,,,,,,,,,,,None,,No,,,,,,,"String/character variable",,,,No,,,Complete
1576,Gage_masterfile,,ad_med1_dose,"Dosage of first anti-depressant medication?(in mg/milligrams)","Current pharmacological treatment",,,,,,,,,,,,,,,,,,,,,,,,"Drug class",Antidepressants,,,,,,,,Dose,,,,,,,,,,,,,,,,,,,,,,,,,,,,,,,,,,,,,,,,,,,,,,,,,,,,,,,,,,,,,,,,,,,,,,,,,,,None,,No,,,,,,,Continuous,milligrams,,,No,,,Complete
1577,Gage_masterfile,,ad1_class,"What class of anti-depressant medication for antidepressant 1?","Current pharmacological treatment",,,,,,,,,,,,,,,,,,,,,,,,"Drug class",Antidepressants,,,,,,,,,,,,,,,,,,,,,,,,,,,,,,,,,,,,,,,,,,,,,,,,,,,,,,,,,,,,,,,,,,,,,,,,,,,,,,,,,,,None,,No,,,,,,,Categorical,,6,"1 Selective serotonin reuptake inhibitors(SSRI)  2 Serotonin and norepinephrine reuptake  inhibitors(SNRI)  3 Atypical antidepressant  4 Tricyclic antidepressant  5 Monoamine oxidase inhibitors (MAOI)  6 Other",No,,,Complete
1578,Gage_masterfile,,ad_med2_name,"Name of second anti-depressant medication?","Current pharmacological treatment",,,,,,,,,,,,,,,,,,,,,,,,"Drug class",Antidepressants,,,,,,,,"Drug name",,,,,,,,,,,,,,,,,,,,,,,,,,,,,,,,,,,,,,,,,,,,,,,,,,,,,,,,,,,,,,,,,,,,,,,,,,,None,,No,,,,,,,"String/character variable",,,,No,,,Complete
1579,Gage_masterfile,,ad_med2_dose,"Dosage of second anti-depressant medication?(in mg/milligrams)","Current pharmacological treatment",,,,,,,,,,,,,,,,,,,,,,,,"Drug class",Antidepressants,,,,,,,,Dose,,,,,,,,,,,,,,,,,,,,,,,,,,,,,,,,,,,,,,,,,,,,,,,,,,,,,,,,,,,,,,,,,,,,,,,,,,,None,,No,,,,,,,Continuous,milligrams,,,No,,,Complete
1580,Gage_masterfile,,ad2_class,"What class of anti-depressant medication for antidepressant 2?","Current pharmacological treatment",,,,,,,,,,,,,,,,,,,,,,,,"Drug class",Antidepressants,,,,,,,,,,,,,,,,,,,,,,,,,,,,,,,,,,,,,,,,,,,,,,,,,,,,,,,,,,,,,,,,,,,,,,,,,,,,,,,,,,,None,,No,,,,,,,Categorical,,6,"1 Selective serotonin reuptake inhibitors(SSRI)  2 Serotonin and norepinephrine reuptake  inhibitors(SNRI)  3 Atypical antidepressant  4 Tricyclic antidepressant  5 Monoamine oxidase inhibitors (MAOI)  6 Other",No,,,Complete
1581,Gage_masterfile,,ad_med3_name,"Name of third anti-depressant medication?","Current pharmacological treatment",,,,,,,,,,,,,,,,,,,,,,,,"Drug class",Antidepressants,,,,,,,,"Drug name",,,,,,,,,,,,,,,,,,,,,,,,,,,,,,,,,,,,,,,,,,,,,,,,,,,,,,,,,,,,,,,,,,,,,,,,,,,None,,No,,,,,,,"String/character variable",,,,No,,,Complete
1582,Gage_masterfile,,ad_med3_dose,"Dosage of third anti-depressant medication?(in mg/milligrams)","Current pharmacological treatment",,,,,,,,,,,,,,,,,,,,,,,,"Drug class",Antidepressants,,,,,,,,Dose,,,,,,,,,,,,,,,,,,,,,,,,,,,,,,,,,,,,,,,,,,,,,,,,,,,,,,,,,,,,,,,,,,,,,,,,,,,None,,No,,,,,,,Continuous,millgrams,,,No,,,Complete
1583,Gage_masterfile,,ad3_class,"What class of anti-depressant medication for antidepressant 3?","Current pharmacological treatment",,,,,,,,,,,,,,,,,,,,,,,,"Drug class",Antidepressants,,,,,,,,,,,,,,,,,,,,,,,,,,,,,,,,,,,,,,,,,,,,,,,,,,,,,,,,,,,,,,,,,,,,,,,,,,,,,,,,,,,None,,No,,,,,,,Categorical,,6,"1 Selective serotonin reuptake inhibitors(SSRI)  2 Serotonin and norepinephrine reuptake  inhibitors(SNRI)  3 Atypical antidepressant  4 Tricyclic antidepressant  5 Monoamine oxidase inhibitors (MAOI)  6 Other",No,,,Complete
1584,Gage_masterfile,,ad_med4_name,"Name of fourth anti-depressant medication?","Current pharmacological treatment",,,,,,,,,,,,,,,,,,,,,,,,"Drug class",Antidepressants,,,,,,,,"Drug name",,,,,,,,,,,,,,,,,,,,,,,,,,,,,,,,,,,,,,,,,,,,,,,,,,,,,,,,,,,,,,,,,,,,,,,,,,,None,,No,,,,,,,"String/character variable",,,,No,,,Complete
1585,Gage_masterfile,,ad_med4_dose,"Dosage of fourth anti-depressant medication?(in mg/milligrams)","Current pharmacological treatment",,,,,,,,,,,,,,,,,,,,,,,,"Drug class",Antidepressants,,,,,,,,Dose,,,,,,,,,,,,,,,,,,,,,,,,,,,,,,,,,,,,,,,,,,,,,,,,,,,,,,,,,,,,,,,,,,,,,,,,,,,None,,No,,,,,,,Continuous,milligrams,,,No,,,Complete
1586,Gage_masterfile,,ad4_class,"What class of anti-depressant medication for antidepressant 4?","Current pharmacological treatment",,,,,,,,,,,,,,,,,,,,,,,,"Drug class",Antidepressants,,,,,,,,,,,,,,,,,,,,,,,,,,,,,,,,,,,,,,,,,,,,,,,,,,,,,,,,,,,,,,,,,,,,,,,,,,,,,,,,,,,None,,No,,,,,,,Categorical,,6,"1 Selective serotonin reuptake inhibitors(SSRI)  2 Serotonin and norepinephrine reuptake  inhibitors(SNRI)  3 Atypical antidepressant  4 Tricyclic antidepressant  5 Monoamine oxidase inhibitors (MAOI)  6 Other",No,,,Complete
1587,Gage_masterfile,,ad_injection,"Any long-lasting, injectable anti-depressants?","Current pharmacological treatment",,,,,,,,,,,,,,,,,,,,,,,,"Drug class",Antidepressants,,,,,,,,,,,,,,,,,,,,,,,,,,,,,,,,,,,,,,,,,,,,,,,,,,,,,,,,,,,,,,,,,,,,,,,,,,,,,,,,,,,None,,No,,,,,,,Categorical,,2,"1 Yes  0 No",No,,,Complete
1588,Gage_masterfile,,ac_desc,"<div class=""rich-text-field-label""><p style=""text-align: center;""><span style=""background-color: #f1c40f;"">ANTICONVULSANTS</span></p></div>","Current pharmacological treatment",,,,,,,,,,,,,,,,,,,,,,,,"Drug class","Anticonvulsants/Mood Stabilizers",,,,,,,,,,,,,,,,,,,,,,,,,,,,,,,,,,,,,,,,,,,,,,,,,,,,,,,,,,,,,,,,,,,,,,,,,,,,,,,,,,,Other,,No,,,,,,,"String/character variable",,,,No,,,Complete
1589,Gage_masterfile,,ac_yn,"Currently on anti-convulsant mood stabilizer medications?","Current pharmacological treatment",,,,,,,,,,,,,,,,,,,,,,,,"Drug class","Anticonvulsants/Mood Stabilizers",,,,,,,,,,,,,,,,,,,,,,,,,,,,,,,,,,,,,,,,,,,,,,,,,,,,,,,,,,,,,,,,,,,,,,,,,,,,,,,,,,,None,,No,,,,,,,Categorical,,2,"1 Yes  0 No",No,,,Complete
1590,Gage_masterfile,,ac_total,"Total number of anti-convulsant mood stabilizer medications currently on?","Current pharmacological treatment",,,,,,,,,,,,,,,,,,,,,,,,"Drug class","Anticonvulsants/Mood Stabilizers",,,,,,,,,,,,,,,,,,,,,,,,,,,,,,,,,,,,,,,,,,,,,,,,,,,,,,,,,,,,,,,,,,,,,,,,,,,,,,,,,,,None,,No,,,,,,,Continuous,integer,,,,,,Unverified
1591,Gage_masterfile,,ac_med1_name,"Name of first anti-convulsant mood stabilizer medication?","Current pharmacological treatment",,,,,,,,,,,,,,,,,,,,,,,,"Drug class","Anticonvulsants/Mood Stabilizers",,,,,"Drug name",,,,,,,,,,,,,,,,,,,,,,,,,,,,,,,,,,,,,,,,,,,,,,,,,,,,,,,,,,,,,,,,,,,,,,,,,,,,,,None,,No,,,,,,,"String/character variable",,,,No,,,Complete
1592,Gage_masterfile,,ac_med1_dose,"Dosage of first anti-convulsant mood stabilizer medication?(in mg/milligrams)","Current pharmacological treatment",,,,,,,,,,,,,,,,,,,,,,,,"Drug class","Anticonvulsants/Mood Stabilizers",,,,,Dose,,,,,,,,,,,,,,,,,,,,,,,,,,,,,,,,,,,,,,,,,,,,,,,,,,,,,,,,,,,,,,,,,,,,,,,,,,,,,,None,,No,,,,,,,Continuous,milligram,,,No,,,Complete
1593,Gage_masterfile,,ac_med2_name,"Name of second anti-convulsant mood stabilizer medication?","Current pharmacological treatment",,,,,,,,,,,,,,,,,,,,,,,,"Drug class","Anticonvulsants/Mood Stabilizers",,,,,"Drug name",,,,,,,,,,,,,,,,,,,,,,,,,,,,,,,,,,,,,,,,,,,,,,,,,,,,,,,,,,,,,,,,,,,,,,,,,,,,,,None,,No,,,,,,,"String/character variable",,,,No,,,Complete
1594,Gage_masterfile,,ac_med2_dose,"Dosage of second anti-convulsant mood stabilizer medication?(in mg/milligrams)","Current pharmacological treatment",,,,,,,,,,,,,,,,,,,,,,,,"Drug class","Anticonvulsants/Mood Stabilizers",,,,,Dose,,,,,,,,,,,,,,,,,,,,,,,,,,,,,,,,,,,,,,,,,,,,,,,,,,,,,,,,,,,,,,,,,,,,,,,,,,,,,,None,,No,,,,,,,Continuous,milligram,,,No,,,Complete
1595,Gage_masterfile,,ac_med3_name,"Name of third anti-convulsant mood stabilizer medication?","Current pharmacological treatment",,,,,,,,,,,,,,,,,,,,,,,,"Drug class","Anticonvulsants/Mood Stabilizers",,,,,"Drug name",,,,,,,,,,,,,,,,,,,,,,,,,,,,,,,,,,,,,,,,,,,,,,,,,,,,,,,,,,,,,,,,,,,,,,,,,,,,,,None,,No,,,,,,,"String/character variable",,,,No,,,Complete
1596,Gage_masterfile,,ac_med3_dose,"Dosage of third anti-convulsant mood stabilizer medication?(in mg/milligrams)","Current pharmacological treatment",,,,,,,,,,,,,,,,,,,,,,,,"Drug class","Anticonvulsants/Mood Stabilizers",,,,,Dose,,,,,,,,,,,,,,,,,,,,,,,,,,,,,,,,,,,,,,,,,,,,,,,,,,,,,,,,,,,,,,,,,,,,,,,,,,,,,,None,,No,,,,,,,Continuous,milligrams,,,No,,,Complete
1597,Gage_masterfile,,ac_med4_name,"Name of fourth anti-convulsant mood stabilizer medication?","Current pharmacological treatment",,,,,,,,,,,,,,,,,,,,,,,,"Drug class","Anticonvulsants/Mood Stabilizers",,,,,"Drug name",,,,,,,,,,,,,,,,,,,,,,,,,,,,,,,,,,,,,,,,,,,,,,,,,,,,,,,,,,,,,,,,,,,,,,,,,,,,,,None,,No,,,,,,,"String/character variable",,,,No,,,Complete
1598,Gage_masterfile,,ac_med4_dose,"Dosage of fourth anti-convulsant mood stabilizer medication?(in mg/milligrams)","Current pharmacological treatment",,,,,,,,,,,,,,,,,,,,,,,,"Drug class","Anticonvulsants/Mood Stabilizers",,,,,Dose,,,,,,,,,,,,,,,,,,,,,,,,,,,,,,,,,,,,,,,,,,,,,,,,,,,,,,,,,,,,,,,,,,,,,,,,,,,,,,None,,No,,,,,,,Continuous,milligram,,,No,,,Complete
1599,Gage_masterfile,,ac_type,"Type of anti-convulsant mood stabilizer medications?","Current pharmacological treatment",,,,,,,,,,,,,,,,,,,,,,,,"Drug class","Anticonvulsants/Mood Stabilizers",,,,,,,,,,,,,,,,,,,,,,,,,,,,,,,,,,,,,,,,,,,,,,,,,,,,,,,,,,,,,,,,,,,,,,,,,,,,,,,,,,,,,No,,,,,,,Categorical,,3,"1 Evidence-based(Lamotrigine, depakote/valproic  acid, Carbamazepine)  2 Off label use  3 Both evidence-based and off label medications",No,,,Complete
1600,Gage_masterfile,,ac_injection,"Any long-lasting, injectable anti-convulsant mood stabilizers?","Current pharmacological treatment",,,,,,,,,,,,,,,,,,,,,,,,"Drug class","Anticonvulsants/Mood Stabilizers",,,,,,,,,,,,,,,,,,,,,,,,,,,,,,,,,,,,,,,,,,,,,,,,,,,,,,,,,,,,,,,,,,,,,,,,,,,,,,,,,,,,,No,,,,,,,Categorical,,2,"1 Yes  0 No",,,,Complete
1601,Gage_masterfile,,mdr1,"MADRS item 1: Apparent sadness","Current illness severity",,,,,,,,,,,,,,,,,,,,"Depression symptoms",,,,,,,,,,,,,,,,,,,,,,,,,,,,,,,,,,,,,,,,,,,,,,,,,,,,,,,,,,,,,,,,,,,,,,,,,,,,,,,,,,,,,,,,None,,Yes,"(MADRS)Montgomery Asberg Depression Rating Scale (MADRS)",,"Item score",No,No,,Continuous,integer,,,No,,,Complete
1602,Gage_masterfile,,mdr2,"MADRS item 2: Reported sadness","Current illness severity",,,,,,,,,,,,,,,,,,,,"Depression symptoms",,,,,,,,,,,,,,,,,,,,,,,,,,,,,,,,,,,,,,,,,,,,,,,,,,,,,,,,,,,,,,,,,,,,,,,,,,,,,,,,,,,,,,,,None,,Yes,"(MADRS)Montgomery Asberg Depression Rating Scale (MADRS)",,"Item score",No,No,,Continuous,integer,,,No,,,Complete
1603,Gage_masterfile,,mdr3,"MADRS item 3: Inner tension","Current illness severity",,,,,,,,,,,,,,,,,,,,"Depression symptoms",,,,,,,,,,,,,,,,,,,,,,,,,,,,,,,,,,,,,,,,,,,,,,,,,,,,,,,,,,,,,,,,,,,,,,,,,,,,,,,,,,,,,,,,None,,Yes,"(MADRS)Montgomery Asberg Depression Rating Scale (MADRS)",,"Item score",No,No,,Continuous,integer,,,No,,,Complete
1604,Gage_masterfile,,mdr4,"MADRS item 4: Reduced sleep","Current illness severity",,,,,,,,,,,,,,,,,,,,"Depression symptoms",,,,,,,,,,,,,,,,,,,,,,,,,,,,,,,,,,,,,,,,,,,,,,,,,,,,,,,,,,,,,,,,,,,,,,,,,,,,,,,,,,,,,,,,None,,Yes,"(MADRS)Montgomery Asberg Depression Rating Scale (MADRS)",,"Item score",No,No,,Continuous,integer,,,No,,,Complete
1605,Gage_masterfile,,mdr5,"MADRS item 5: Reduced appetite","Current illness severity",,,,,,,,,,,,,,,,,,,,"Depression symptoms",,,,,,,,,,,,,,,,,,,,,,,,,,,,,,,,,,,,,,,,,,,,,,,,,,,,,,,,,,,,,,,,,,,,,,,,,,,,,,,,,,,,,,,,None,,Yes,"(MADRS)Montgomery Asberg Depression Rating Scale (MADRS)",,"Item score",No,No,,Continuous,integer,,,No,,,Complete
1606,Gage_masterfile,,mdr6,"MADRS item 6: Concentration difficulty","Current illness severity",,,,,,,,,,,,,,,,,,,,"Depression symptoms",,,,,,,,,,,,,,,,,,,,,,,,,,,,,,,,,,,,,,,,,,,,,,,,,,,,,,,,,,,,,,,,,,,,,,,,,,,,,,,,,,,,,,,,None,,No,,,,,,,Continuous,integer,,,No,,,Complete
1607,Gage_masterfile,,mdr7,"MADRS item 7: Lassitude","Current illness severity",,,,,,,,,,,,,,,,,,,,"Depression symptoms",,,,,,,,,,,,,,,,,,,,,,,,,,,,,,,,,,,,,,,,,,,,,,,,,,,,,,,,,,,,,,,,,,,,,,,,,,,,,,,,,,,,,,,,None,,Yes,"(MADRS)Montgomery Asberg Depression Rating Scale (MADRS)",,,,,,Continuous,integer,,,No,,,Complete
1608,Gage_masterfile,,mdr8,"MADRS item 8: Inability to feel","Current illness severity",,,,,,,,,,,,,,,,,,,,"Depression symptoms",,,,,,,,,,,,,,,,,,,,,,,,,,,,,,,,,,,,,,,,,,,,,,,,,,,,,,,,,,,,,,,,,,,,,,,,,,,,,,,,,,,,,,,,None,,Yes,"(MADRS)Montgomery Asberg Depression Rating Scale (MADRS)",,"Item score",No,No,,Continuous,integer,,,No,,,Complete
1609,Gage_masterfile,,mdr9,"MADRS item 9:Pessimistic thoughts","Current illness severity",,,,,,,,,,,,,,,,,,,,"Depression symptoms",,,,,,,,,,,,,,,,,,,,,,,,,,,,,,,,,,,,,,,,,,,,,,,,,,,,,,,,,,,,,,,,,,,,,,,,,,,,,,,,,,,,,,,,None,,Yes,"(MADRS)Montgomery Asberg Depression Rating Scale (MADRS)",,"Item score",No,No,,Continuous,integer,,,No,,,Complete
1610,Gage_masterfile,,mdr10,"MADRS item 10: Suicidal thoughts","Current illness severity",,,,,,,,,,,,,,,,,,,,"Depression symptoms",,,,,,,,,,,,,,,,,,,,,,,,,,,,,,,,,,,,,,,,,,,,,,,,,,,,,,,,,,,,,,,,,,,,,,,,,,,,,,,,,,,,,,,,None,,Yes,"(MADRS)Montgomery Asberg Depression Rating Scale (MADRS)",,"Item score",No,No,,Continuous,integer,,,No,,,Complete
1611,Gage_masterfile,,mdrtot,"MADRS total","Current illness severity",,,,,,,,,,,,,,,,,,,,"Depression symptoms",,,,,,,,,,,,,,,,,,,,,,,,,,,,,,,,,,,,,,,,,,,,,,,,,,,,,,,,,,,,,,,,,,,,,,,,,,,,,,,,,,,,,,,,None,,Yes,"(MADRS)Montgomery Asberg Depression Rating Scale (MADRS)",,"Total/summary score",No,No,,Continuous,integer,,,No,,,Complete
1612,Gage_masterfile,,ymr1,"YMRS item 1:  Elevated Mood","Current illness severity",,,,,,,,,,,,,,,,,,,,"Mania symptoms",,,,,,,,,,,,,,,,,,,,,,,,,,,,,,,,,,,,,,,,,,,,,,,,,,,,,,,,,,,,,,,,,,,,,,,,,,,,,,,,,,,,,,,,None,,Yes,"Young Mania Rating Scale (YMRS)",,"Item score",No,No,,Continuous,integer,,,No,,,Complete
1613,Gage_masterfile,,ymr2,"YMRS item 2 : Increased Motor Activity-Energy","Current illness severity",,,,,,,,,,,,,,,,,,,,"Mania symptoms",,,,,,,,,,,,,,,,,,,,,,,,,,,,,,,,,,,,,,,,,,,,,,,,,,,,,,,,,,,,,,,,,,,,,,,,,,,,,,,,,,,,,,,,None,,Yes,"Young Mania Rating Scale (YMRS)",,"Item score",No,No,,Continuous,integer,,,No,,,Complete
1614,Gage_masterfile,,ymr3,"YMRS item 3:  Sexual Interest","Current illness severity",,,,,,,,,,,,,,,,,,,,"Mania symptoms",,,,,,,,,,,,,,,,,,,,,,,,,,,,,,,,,,,,,,,,,,,,,,,,,,,,,,,,,,,,,,,,,,,,,,,,,,,,,,,,,,,,,,,,None,,Yes,"Young Mania Rating Scale (YMRS)",,"Item score",No,No,,Continuous,integer,,,No,,,Complete
1615,Gage_masterfile,,ymr4,"YMRS item 4 : Sleep","Current illness severity",,,,,,,,,,,,,,,,,,,,"Mania symptoms",,,,,,,,,,,,,,,,,,,,,,,,,,,,,,,,,,,,,,,,,,,,,,,,,,,,,,,,,,,,,,,,,,,,,,,,,,,,,,,,,,,,,,,,None,,Yes,"Young Mania Rating Scale (YMRS)",,"Item score",No,No,,Continuous,integer,,,No,,,Complete
1616,Gage_masterfile,,ymr5,"YMRS item 5: Irritability","Current illness severity",,,,,,,,,,,,,,,,,,,,"Mania symptoms",,,,,,,,,,,,,,,,,,,,,,,,,,,,,,,,,,,,,,,,,,,,,,,,,,,,,,,,,,,,,,,,,,,,,,,,,,,,,,,,,,,,,,,,None,,Yes,"Young Mania Rating Scale (YMRS)",,"Item score",No,No,,Continuous,integer,,,No,,,Complete
1617,Gage_masterfile,,ymr6,"YMRS item 6: Speech (Rate and Amount)","Current illness severity",,,,,,,,,,,,,,,,,,,,"Mania symptoms",,,,,,,,,,,,,,,,,,,,,,,,,,,,,,,,,,,,,,,,,,,,,,,,,,,,,,,,,,,,,,,,,,,,,,,,,,,,,,,,,,,,,,,,None,,Yes,"Young Mania Rating Scale (YMRS)",,"Item score",No,No,,Continuous,integer,,,No,,,Complete
1618,Gage_masterfile,,ymr7,"YMRS item 7: Language-Thought Disorder","Current illness severity",,,,,,,,,,,,,,,,,,,,"Mania symptoms",,,,,,,,,,,,,,,,,,,,,,,,,,,,,,,,,,,,,,,,,,,,,,,,,,,,,,,,,,,,,,,,,,,,,,,,,,,,,,,,,,,,,,,,None,,Yes,"Young Mania Rating Scale (YMRS)",,"Item score",No,No,,Continuous,integer,,,No,,,Complete
1619,Gage_masterfile,,ymr8,"YMRS item 8: Content",,,,,,,,,,,,,,,,,,,,,,,,,,,,,,,,,,,,,,,,,,,,,,,,,,,,,,,,,,,,,,,,,,,,,,,,,,,,,,,,,,,,,,,,,,,,,,,,,,,,,,,,,,,,,None,,Yes,"Young Mania Rating Scale (YMRS)",,"Item score",No,No," ",Continuous,integer,,,No,,,Complete
1620,Gage_masterfile,,ymr9,"YMRS item 9: Disruptive-Aggressive Behavior","Current illness severity",,,,,,,,,,,,,,,,,,,,"Mania symptoms",,,,,,,,,,,,,,,,,,,,,,,,,,,,,,,,,,,,,,,,,,,,,,,,,,,,,,,,,,,,,,,,,,,,,,,,,,,,,,,,,,,,,,,,None,,Yes,"Young Mania Rating Scale (YMRS)",,"Item score",No,No,,Continuous,integer,,,No,,,Complete
1621,Gage_masterfile,,ymr10,"YMRS item 10: Appearance","Current illness severity",,,,,,,,,,,,,,,,,,,,"Mania symptoms",,,,,,,,,,,,,,,,,,,,,,,,,,,,,,,,,,,,,,,,,,,,,,,,,,,,,,,,,,,,,,,,,,,,,,,,,,,,,,,,,,,,,,,,None,,Yes,"Young Mania Rating Scale (YMRS)",,"Item score",No,No,,Continuous,integer,,,No,,,Complete
1622,Gage_masterfile,,ymr11,"YMRS item 11: Insight","Current illness severity",,,,,,,,,,,,,,,,,,,,"Mania symptoms",,,,,,,,,,,,,,,,,,,,,,,,,,,,,,,,,,,,,,,,,,,,,,,,,,,,,,,,,,,,,,,,,,,,,,,,,,,,,,,,,,,,,,,,None,,Yes,"Young Mania Rating Scale (YMRS)",,"Item score",No,No,,Continuous,integer,,,No,,,Complete
1623,Gage_masterfile,,ymrstot,"YMRS total","Current illness severity",,,,,,,,,,,,,,,,,,,,"Mania symptoms",,,,,,,,,,,,,,,,,,,,,,,,,,,,,,,,,,,,,,,,,,,,,,,,,,,,,,,,,,,,,,,,,,,,,,,,,,,,,,,,,,,,,,,,None,,Yes,"Young Mania Rating Scale (YMRS)",,"Total/summary score",No,No,,Continuous,integer,,,No,,,Incomplete
1624,Gage_masterfile,,bprs1,"BPRS item 1SOMATIC CONCERN","Current illness severity",,,,,,,,,,,,,,,,,,,,"Psychotic symptoms",,,,,,,,,,,,,,,,,,,,,,,,,,,,,,,,,,,,,,,,,,,,,,,,,,,,,,,,,,,,,,,,,,,,,,,,,,,,,,,,,,,,,,,,None,,Yes,"(BPRS)Brief Psychiactric Rating Scale (BPRS)",,"Item score",No,No," ",Continuous,integer,,,No,,,Complete
1625,Gage_masterfile,,bprs2,"BPRS item 2ANXIETY","Current illness severity",,,,,,,,,,,,,,,,,,,,"Psychotic symptoms",,,,,,,,,,,,,,,,,,,,,,,,,,,,,,,,,,,,,,,,,,,,,,,,,,,,,,,,,,,,,,,,,,,,,,,,,,,,,,,,,,,,,,,,None,,Yes,"(BPRS)Brief Psychiactric Rating Scale (BPRS)",,"Item score",No,No,,Continuous,integer,,,No,,,Complete
1626,Gage_masterfile,,bprs3,"BPRS item 3EMOTIONAL WITHDRAWAL","Current illness severity",,,,,,,,,,,,,,,,,,,,"Psychotic symptoms",,,,,,,,,,,,,,,,,,,,,,,,,,,,,,,,,,,,,,,,,,,,,,,,,,,,,,,,,,,,,,,,,,,,,,,,,,,,,,,,,,,,,,,,None,,Yes,"(BPRS)Brief Psychiactric Rating Scale (BPRS)",,"Item score",No,No," ",Continuous,integer,,,No,,,Complete
1627,Gage_masterfile,,bprs4,"BPRS item 4CONCEPTUAL DISORGANIZATION","Current illness severity",,,,,,,,,,,,,,,,,,,,"Psychotic symptoms",,,,,,,,,,,,,,,,,,,,,,,,,,,,,,,,,,,,,,,,,,,,,,,,,,,,,,,,,,,,,,,,,,,,,,,,,,,,,,,,,,,,,,,,None,,Yes,"(BPRS)Brief Psychiactric Rating Scale (BPRS)",,"Item score",No,No,,Continuous,integer,,,No,,,Complete
1628,Gage_masterfile,,bprs5,"BPRS item 5GUILT FEELINGS","Current illness severity",,,,,,,,,,,,,,,,,,,,"Psychotic symptoms",,,,,,,,,,,,,,,,,,,,,,,,,,,,,,,,,,,,,,,,,,,,,,,,,,,,,,,,,,,,,,,,,,,,,,,,,,,,,,,,,,,,,,,,None,,Yes,"(BPRS)Brief Psychiactric Rating Scale (BPRS)",,"Item score",No,No,,Continuous,integer,,,No,,,Complete
1629,Gage_masterfile,,bprs6,"BPRS item 6TENSION","Current illness severity",,,,,,,,,,,,,,,,,,,,"Psychotic symptoms",,,,,,,,,,,,,,,,,,,,,,,,,,,,,,,,,,,,,,,,,,,,,,,,,,,,,,,,,,,,,,,,,,,,,,,,,,,,,,,,,,,,,,,,None,,Yes,"(BPRS)Brief Psychiactric Rating Scale (BPRS)",,"Item score",No,No," ",Continuous,integer,,,No,,,Complete
1630,Gage_masterfile,,bprs7,"BPRS item 7MANNERISMS AND POSTURING","Current illness severity",,,,,,,,,,,,,,,,,,,,"Psychotic symptoms",,,,,,,,,,,,,,,,,,,,,,,,,,,,,,,,,,,,,,,,,,,,,,,,,,,,,,,,,,,,,,,,,,,,,,,,,,,,,,,,,,,,,,,,None,,Yes,"(BPRS)Brief Psychiactric Rating Scale (BPRS)",,"Item score",No,No," ",Continuous,integer,,,No,,,Complete
1631,Gage_masterfile,,bprs8,"BPRS item 8GRANDIOSITY","Current illness severity",,,,,,,,,,,,,,,,,,,,"Psychotic symptoms",,,,,,,,,,,,,,,,,,,,,,,,,,,,,,,,,,,,,,,,,,,,,,,,,,,,,,,,,,,,,,,,,,,,,,,,,,,,,,,,,,,,,,,,None,,Yes,"(BPRS)Brief Psychiactric Rating Scale (BPRS)",,"Item score",No,No,,Continuous,integer,,,No,,,Complete
1632,Gage_masterfile,,bprs9,"BPRS item 9DEPRESSIVE MOOD","Current illness severity",,,,,,,,,,,,,,,,,,,,"Psychotic symptoms",,,,,,,,,,,,,,,,,,,,,,,,,,,,,,,,,,,,,,,,,,,,,,,,,,,,,,,,,,,,,,,,,,,,,,,,,,,,,,,,,,,,,,,,None,,Yes,"(BPRS)Brief Psychiactric Rating Scale (BPRS)",,"Item score",No,No,,Continuous,integer,,,No,,,Complete
1633,Gage_masterfile,,bprs10,"BPRS item 10HOSTILITY","Current illness severity",,,,,,,,,,,,,,,,,,,,"Psychotic symptoms",,,,,,,,,,,,,,,,,,,,,,,,,,,,,,,,,,,,,,,,,,,,,,,,,,,,,,,,,,,,,,,,,,,,,,,,,,,,,,,,,,,,,,,,None,,Yes,"(BPRS)Brief Psychiactric Rating Scale (BPRS)",,"Item score",No,No,,Continuous,integer,,,No,,,Complete
1634,Gage_masterfile,,bprs11,"BPRS item 11SUSPICIOUSNESS","Current illness severity",,,,,,,,,,,,,,,,,,,,"Psychotic symptoms",,,,,,,,,,,,,,,,,,,,,,,,,,,,,,,,,,,,,,,,,,,,,,,,,,,,,,,,,,,,,,,,,,,,,,,,,,,,,,,,,,,,,,,,None,,Yes,"(BPRS)Brief Psychiactric Rating Scale (BPRS)",,"Item score",No,No,,Continuous,integer,,,No,,,Complete
1635,Gage_masterfile,,bprs12,"BPRS item 12HALLUCINATORY BEHAVIOR","Current illness severity",,,,,,,,,,,,,,,,,,,,"Psychotic symptoms",,,,,,,,,,,,,,,,,,,,,,,,,,,,,,,,,,,,,,,,,,,,,,,,,,,,,,,,,,,,,,,,,,,,,,,,,,,,,,,,,,,,,,,,None,,Yes,"(BPRS)Brief Psychiactric Rating Scale (BPRS)",,"Item score",No,No,,Continuous,integer,,,No,,,Complete
1636,Gage_masterfile,,bprs13,"BPRS item 13MOTOR RETARDATION","Current illness severity",,,,,,,,,,,,,,,,,,,,"Psychotic symptoms",,,,,,,,,,,,,,,,,,,,,,,,,,,,,,,,,,,,,,,,,,,,,,,,,,,,,,,,,,,,,,,,,,,,,,,,,,,,,,,,,,,,,,,,None,,Yes,"(BPRS)Brief Psychiactric Rating Scale (BPRS)",,"Item score",No,No," ",Continuous,integer,,,No,,,Complete
1637,Gage_masterfile,,bprs14,"BPRS item 14. UNCOOPERATIVENESS","Current illness severity",,,,,,,,,,,,,,,,,,,,"Psychotic symptoms",,,,,,,,,,,,,,,,,,,,,,,,,,,,,,,,,,,,,,,,,,,,,,,,,,,,,,,,,,,,,,,,,,,,,,,,,,,,,,,,,,,,,,,,None,,Yes,"(BPRS)Brief Psychiactric Rating Scale (BPRS)",,"Item score",No,No,,Continuous,integer,,,No,,,Complete
1638,Gage_masterfile,,bprs15,"BPRS item 15UNUSUAL THOUGHT CONTENT","Current illness severity",,,,,,,,,,,,,,,,,,,,"Psychotic symptoms",,,,,,,,,,,,,,,,,,,,,,,,,,,,,,,,,,,,,,,,,,,,,,,,,,,,,,,,,,,,,,,,,,,,,,,,,,,,,,,,,,,,,,,,None,,Yes,"(BPRS)Brief Psychiactric Rating Scale (BPRS)",,"Item score",No,No,,Continuous,integer,,,No,,,Unverified
1639,Gage_masterfile,,bprs16,"BPRS item 16BLUNTED AFFECT","Current illness severity",,,,,,,,,,,,,,,,,,,,"Psychotic symptoms",,,,,,,,,,,,,,,,,,,,,,,,,,,,,,,,,,,,,,,,,,,,,,,,,,,,,,,,,,,,,,,,,,,,,,,,,,,,,,,,,,,,,,,,None,,Yes,"(BPRS)Brief Psychiactric Rating Scale (BPRS)",,"Item score",No,No,,Continuous,integer,,,No,,,Complete
1640,Gage_masterfile,,bprs17,"BPRS item 17EXCITEMENT","Current illness severity",,,,,,,,,,,,,,,,,,,,"Psychotic symptoms",,,,,,,,,,,,,,,,,,,,,,,,,,,,,,,,,,,,,,,,,,,,,,,,,,,,,,,,,,,,,,,,,,,,,,,,,,,,,,,,,,,,,,,,None,,Yes,"(BPRS)Brief Psychiactric Rating Scale (BPRS)",,"Item score",No,No,,Continuous,integer,,,No,,,Complete
1641,Gage_masterfile,,bprs18,"BPRS item 18DISORIENTATION","Current illness severity",,,,,,,,,,,,,,,,,,,,"Psychotic symptoms",,,,,,,,,,,,,,,,,,,,,,,,,,,,,,,,,,,,,,,,,,,,,,,,,,,,,,,,,,,,,,,,,,,,,,,,,,,,,,,,,,,,,,,,None,,Yes,"(BPRS)Brief Psychiactric Rating Scale (BPRS)",,"Item score",No,No,,Continuous,integer,,,No,,,Complete
1642,Gage_masterfile,,bprs19,"BPRS item 19Suicidality","Current illness severity",,,,,,,,,,,,,,,,,,,,"Psychotic symptoms",,,,,,,,,,,,,,,,,,,,,,,,,,,,,,,,,,,,,,,,,,,,,,,,,,,,,,,,,,,,,,,,,,,,,,,,,,,,,,,,,,,,,,,,None,,Yes,"(BPRS)Brief Psychiactric Rating Scale (BPRS)",,"Item score",No,No,,Continuous,integer,,,No,,,Complete
1643,Gage_masterfile,,bprs20,"BPRS item 20Elated Mood","Current illness severity",,,,,,,,,,,,,,,,,,,,"Psychotic symptoms",,,,,,,,,,,,,,,,,,,,,,,,,,,,,,,,,,,,,,,,,,,,,,,,,,,,,,,,,,,,,,,,,,,,,,,,,,,,,,,,,,,,,,,,None,,Yes,"(BPRS)Brief Psychiactric Rating Scale (BPRS)",,"Item score",No,No,,Continuous,integer,,,No,,,Complete
1644,Gage_masterfile,,bprs21,"BPRS item 21Bizarre behavior","Current illness severity",,,,,,,,,,,,,,,,,,,,"Psychotic symptoms",,,,,,,,,,,,,,,,,,,,,,,,,,,,,,,,,,,,,,,,,,,,,,,,,,,,,,,,,,,,,,,,,,,,,,,,,,,,,,,,,,,,,,,,None,,Yes,"(BPRS)Brief Psychiactric Rating Scale (BPRS)",,"Item score",No,No,,Continuous,integer,,,No,,,Complete
1645,Gage_masterfile,,bprs22,"BPRS item 22Distractibility","Current illness severity",,,,,,,,,,,,,,,,,,,,"Psychotic symptoms",,,,,,,,,,,,,,,,,,,,,,,,,,,,,,,,,,,,,,,,,,,,,,,,,,,,,,,,,,,,,,,,,,,,,,,,,,,,,,,,,,,,,,,,None,,Yes,"(BPRS)Brief Psychiactric Rating Scale (BPRS)",,"Item score",No,No,,Continuous,integer,,,No,,,Complete
1646,Gage_masterfile,,bprs23,"BPRS item 23Motor hyperactivity","Current illness severity",,,,,,,,,,,,,,,,,,,,"Psychotic symptoms",,,,,,,,,,,,,,,,,,,,,,,,,,,,,,,,,,,,,,,,,,,,,,,,,,,,,,,,,,,,,,,,,,,,,,,,,,,,,,,,,,,,,,,,None,,Yes,"(BPRS)Brief Psychiactric Rating Scale (BPRS)",,"Item score",No,No,,Continuous,integer,,,No,,,Complete
1647,Gage_masterfile,,bprs24,"BPRS item 24Self-neglect","Current illness severity",,,,,,,,,,,,,,,,,,,,"Psychotic symptoms",,,,,,,,,,,,,,,,,,,,,,,,,,,,,,,,,,,,,,,,,,,,,,,,,,,,,,,,,,,,,,,,,,,,,,,,,,,,,,,,,,,,,,,,None,,Yes,"Young Mania Rating Scale (YMRS)",,"Item score",No,No,,Continuous,integer,,,No,,,Complete
1648,Gage_masterfile,,bprstot18,"BPRS total 18-item","Current illness severity",,,,,,,,,,,,,,,,,,,,"Psychotic symptoms",,,,,,,,,,,,,,,,,,,,,,,,,,,,,,,,,,,,,,,,,,,,,,,,,,,,,,,,,,,,,,,,,,,,,,,,,,,,,,,,,,,,,,,,None,,Yes,"Young Mania Rating Scale (YMRS)",,"Item score",No,No,,Continuous,integer,,,No,,,Complete
1649,Gage_masterfile,,bprstot24,"BPRS total 24-item","Current illness severity",,,,,,,,,,,,,,,,,,,,"Psychotic symptoms",,,,,,,,,,,,,,,,,,,,,,,,,,,,,,,,,,,,,,,,,,,,,,,,,,,,,,,,,,,,,,,,,,,,,,,,,,,,,,,,,,,,,,,,None,,Yes,"Young Mania Rating Scale (YMRS)",,"Item score",No,No,,Continuous,integer,,,No,,,Complete
1650,Gage_masterfile,,hamd,"HAMD-Hamilton Depressive Rating ScaleNote: The descriptions of line items were taken from the HAMD-17 due to it being most common in the dataset. The 21, 24, and 28 were matched up with corresponding line items and then remaining questions were tacked onto the end and indicated by question description.","Current illness severity",,,,,,,,,,,,,,,,,,,,"Psychotic symptoms",,,,,,,,,,,,,,,,,,,,,,,,,,,,,,,,,,,,,,,,,,,,,,,,,,,,,,,,,,,,,,,,,,,,,,,,,,,,,,,,,,,,,,,,None,,Yes,"Young Mania Rating Scale (YMRS)",,"Item score",No,No,,Continuous,integer,,,No,,,Complete
1651,Gage_masterfile,,hamd1,"HAMD item 1Depressed Mood","Current illness severity",,,,,,,,,,,,,,,,,,,,"Depression symptoms",,,,,,,,,,,,,,,,,,,,,,,,,,,,,,,,,,,,,,,,,,,,,,,,,,,,,,,,,,,,,,,,,,,,,,,,,,,,,,,,,,,,,,,,None,,Yes,"Hamilton Depression Rating Scale (HAM-D)",,"Item score",No,No,,Continuous,integer,,,No,,,Complete
1652,Gage_masterfile,,hamd2,"HAMD item 2Feelings of guilt","Current illness severity",,,,,,,,,,,,,,,,,,,,"Depression symptoms",,,,,,,,,,,,,,,,,,,,,,,,,,,,,,,,,,,,,,,,,,,,,,,,,,,,,,,,,,,,,,,,,,,,,,,,,,,,,,,,,,,,,,,,None,,Yes,"Hamilton Depression Rating Scale (HAM-D)",,"Item score",No,No,,Continuous,integer,,,No,,,Incomplete
1653,Gage_masterfile,,hamd3,"HAMD item 3Suicide","Current illness severity",,,,,,,,,,,,,,,,,,,,"Depression symptoms",,,,,,,,,,,,,,,,,,,,,,,,,,,,,,,,,,,,,,,,,,,,,,,,,,,,,,,,,,,,,,,,,,,,,,,,,,,,,,,,,,,,,,,,None,,Yes,"(BPRS)Brief Psychiactric Rating Scale (BPRS)",,"Item score",No,No,,Continuous,integer,,,No,,,Incomplete
1654,Gage_masterfile,,hamd4,"HAMD item 4Insomnia-early in the night","Current illness severity",,,,,,,,,,,,,,,,,,,,"Depression symptoms",,,,,,,,,,,,,,,,,,,,,,,,,,,,,,,,,,,,,,,,,,,,,,,,,,,,,,,,,,,,,,,,,,,,,,,,,,,,,,,,,,,,,,,,None,,Yes,"Hamilton Depression Rating Scale (HAM-D)",,"Item score",No,No,,Continuous,integer,,,No,,,Complete
1655,Gage_masterfile,,hamd5,"HAMD item 5Insomnia-middle of the night","Current illness severity",,,,,,,,,,,,,,,,,,,,"Depression symptoms",,,,,,,,,,,,,,,,,,,,,,,,,,,,,,,,,,,,,,,,,,,,,,,,,,,,,,,,,,,,,,,,,,,,,,,,,,,,,,,,,,,,,,,,None,,Yes,"Hamilton Depression Rating Scale (HAM-D)",,"Item score",No,No,,Continuous,integer,,,No,,,Complete
1656,Gage_masterfile,,hamd6,"HAMD item 6Insomnia-early hours of the morning","Current illness severity",,,,,,,,,,,,,,,,,,,,"Depression symptoms",,,,,,,,,,,,,,,,,,,,,,,,,,,,,,,,,,,,,,,,,,,,,,,,,,,,,,,,,,,,,,,,,,,,,,,,,,,,,,,,,,,,,,,,None,,Yes,"Hamilton Depression Rating Scale (HAM-D)",,"Item score",No,No,,Continuous,integer,,,No,,,Complete
1657,Gage_masterfile,,hamd7,"HAMD item 7Work and activities/interests","Current illness severity",,,,,,,,,,,,,,,,,,,,"Depression symptoms",,,,,,,,,,,,,,,,,,,,,,,,,,,,,,,,,,,,,,,,,,,,,,,,,,,,,,,,,,,,,,,,,,,,,,,,,,,,,,,,,,,,,,,,None,,Yes,"Hamilton Depression Rating Scale (HAM-D)",,"Item score",No,No,,Continuous,integer,,,No,,,Complete
1658,Gage_masterfile,,hamd8,"HAMD item 8Retardation","Current illness severity",,,,,,,,,,,,,,,,,,,,"Depression symptoms",,,,,,,,,,,,,,,,,,,,,,,,,,,,,,,,,,,,,,,,,,,,,,,,,,,,,,,,,,,,,,,,,,,,,,,,,,,,,,,,,,,,,,,,None,,Yes,"Hamilton Depression Rating Scale (HAM-D)",,"Item score",No,No,,Continuous,integer,,,,,,Complete
1659,Gage_masterfile,,hamd9,"HAMD item 9Agitation","Current illness severity",,,,,,,,,,,,,,,,,,,,"Depression symptoms",,,,,,,,,,,,,,,,,,,,,,,,,,,,,,,,,,,,,,,,,,,,,,,,,,,,,,,,,,,,,,,,,,,,,,,,,,,,,,,,,,,,,,,,None,,Yes,"Hamilton Depression Rating Scale (HAM-D)",,"Item score",No,No,,Continuous,integer,,,No,,,Complete
1660,Gage_masterfile,,hamd10,"HAMD item 10Psychiatric anxiety","Current illness severity",,,,,,,,,,,,,,,,,,,,"Depression symptoms",,,,,,,,,,,,,,,,,,,,,,,,,,,,,,,,,,,,,,,,,,,,,,,,,,,,,,,,,,,,,,,,,,,,,,,,,,,,,,,,,,,,,,,,None,,Yes,"Hamilton Depression Rating Scale (HAM-D)",,"Item score",No,No,,Continuous,integer,,,No,,,Complete
1661,Gage_masterfile,,hamd11,"HAMD item 11Somatic anxiety","Current illness severity",,,,,,,,,,,,,,,,,,,,"Depression symptoms",,,,,,,,,,,,,,,,,,,,,,,,,,,,,,,,,,,,,,,,,,,,,,,,,,,,,,,,,,,,,,,,,,,,,,,,,,,,,,,,,,,,,,,,None,,Yes,"Hamilton Depression Rating Scale (HAM-D)",,"Item score",No,No,,Continuous,integer,,,No,,,Complete
1662,Gage_masterfile,,hamd12,"HAMD item 12Gastrointestinal somatic symptoms","Current illness severity",,,,,,,,,,,,,,,,,,,,"Depression symptoms",,,,,,,,,,,,,,,,,,,,,,,,,,,,,,,,,,,,,,,,,,,,,,,,,,,,,,,,,,,,,,,,,,,,,,,,,,,,,,,,,,,,,,,,None,,Yes,"Hamilton Depression Rating Scale (HAM-D)",,"Item score",No,No,,Continuous,integer,,,No,,,Complete
1663,Gage_masterfile,,hamd13,"HAMD item 13General somatic symptoms","Current illness severity",,,,,,,,,,,,,,,,,,,,"Depression symptoms",,,,,,,,,,,,,,,,,,,,,,,,,,,,,,,,,,,,,,,,,,,,,,,,,,,,,,,,,,,,,,,,,,,,,,,,,,,,,,,,,,,,,,,,None,,Yes,"Hamilton Depression Rating Scale (HAM-D)",,"Item score",Yes,No,,Continuous,integer,,,No,,,Complete
1664,Gage_masterfile,,hamd14,"HAMD item 14Genital symptoms","Current illness severity",,,,,,,,,,,,,,,,,,,,"Depression symptoms",,,,,,,,,,,,,,,,,,,,,,,,,,,,,,,,,,,,,,,,,,,,,,,,,,,,,,,,,,,,,,,,,,,,,,,,,,,,,,,,,,,,,,,,None,,Yes,"Hamilton Depression Rating Scale (HAM-D)",,"Item score",No,No,,Continuous,integer,,,No,,,Complete
1665,Gage_masterfile,,hamd15,"HAMD item 15Hypochondriasis","Current illness severity",,,,,,,,,,,,,,,,,,,,"Depression symptoms",,,,,,,,,,,,,,,,,,,,,,,,,,,,,,,,,,,,,,,,,,,,,,,,,,,,,,,,,,,,,,,,,,,,,,,,,,,,,,,,,,,,,,,,None,,Yes,"Hamilton Depression Rating Scale (HAM-D)",,"Item score",No,No," ",Continuous,integer,,,No,,,Complete
1666,Gage_masterfile,,hamd16,"HAMD item 16Weight loss","Current illness severity",,,,,,,,,,,,,,,,,,,,"Depression symptoms",,,,,,,,,,,,,,,,,,,,,,,,,,,,,,,,,,,,,,,,,,,,,,,,,,,,,,,,,,,,,,,,,,,,,,,,,,,,,,,,,,,,,,,,None,,Yes,"Hamilton Depression Rating Scale (HAM-D)",,"Item score",No,No,,Continuous,integer,,,No,,,Complete
1667,Gage_masterfile,,hamd17,"HAMD item 17Insight","Current illness severity",,,,,,,,,,,,,,,,,,,,"Depression symptoms",,,,,,,,,,,,,,,,,,,,,,,,,,,,,,,,,,,,,,,,,,,,,,,,,,,,,,,,,,,,,,,,,,,,,,,,,,,,,,,,,,,,,,,,None,,Yes,"Hamilton Depression Rating Scale (HAM-D)",,"Item score",No,No,,Continuous,integer,,,No,,,Complete
1668,Gage_masterfile,,hamd18,"HAMD item 18ADiurnal Variation","Current illness severity",,,,,,,,,,,,,,,,,,,,"Depression symptoms",,,,,,,,,,,,,,,,,,,,,,,,,,,,,,,,,,,,,,,,,,,,,,,,,,,,,,,,,,,,,,,,,,,,,,,,,,,,,,,,,,,,,,,,None,,Yes,"Hamilton Depression Rating Scale (HAM-D)",,"Item score",No,No,,Continuous,integer,,,No,,,Complete
1669,Gage_masterfile,,hamd18b,"HAMD item 18BDiurnal variation severity","Current illness severity",,,,,,,,,,,,,,,,,,,,"Depression symptoms",,,,,,,,,,,,,,,,,,,,,,,,,,,,,,,,,,,,,,,,,,,,,,,,,,,,,,,,,,,,,,,,,,,,,,,,,,,,,,,,,,,,,,,,None,,Yes,"Hamilton Depression Rating Scale (HAM-D)",,"Item score",No,No,,Continuous,integer,,,No,,,Complete
1670,Gage_masterfile,,hamd19,"HAMD item 19*Taken from HAMD 21 scale*Depersonalization/derealization","Current illness severity",,,,,,,,,,,,,,,,,,,,"Depression symptoms",,,,,,,,,,,,,,,,,,,,,,,,,,,,,,,,,,,,,,,,,,,,,,,,,,,,,,,,,,,,,,,,,,,,,,,,,,,,,,,,,,,,,,,,None,,Yes,"Hamilton Depression Rating Scale (HAM-D)",,"Item score",No,No,,Continuous,integer,,,No,,Depersonalization/derealization,Complete
1671,Gage_masterfile,,hamd20,"HAMD item 20*Taken from HAMD 21 scale*Paranoid symptoms","Current illness severity",,,,,,,,,,,,,,,,,,,,"Depression symptoms",,,,,,,,,,,,,,,,,,,,,,,,,,,,,,,,,,,,,,,,,,,,,,,,,,,,,,,,,,,,,,,,,,,,,,,,,,,,,,,,,,,,,,,,None,,Yes,"Hamilton Depression Rating Scale (HAM-D)",,"Item score",No,No,,Continuous,integer,,,No,,"Paranoid symptoms",Complete
1672,Gage_masterfile,,hamd21,"HAMD item 21*Taken from HAMD 21 scale*Obsessional/compulsive symptoms","Current illness severity",,,,,,,,,,,,,,,,,,,,"Depression symptoms",,,,,,,,,,,,,,,,,,,,,,,,,,,,,,,,,,,,,,,,,,,,,,,,,,,,,,,,,,,,,,,,,,,,,,,,,,,,,,,,,,,,,,,,None,,Yes,"Hamilton Depression Rating Scale (HAM-D)",,"Item score",No,No,,Continuous,integer,,,No,,"Obsessional/compulsive symptoms",Complete
1673,Gage_masterfile,,hamd22,"HAMD item 22","Current illness severity",,,,,,,,,,,,,,,,,,,,"Depression symptoms",,,,,,,,,,,,,,,,,,,,,,,,,,,,,,,,,,,,,,,,,,,,,,,,,,,,,,,,,,,,,,,,,,,,,,,,,,,,,,,,,,,,,,,,None,,Yes,"Hamilton Depression Rating Scale (HAM-D)",,"Item score",No,No,,Continuous,integer,,,No,,,Complete
1674,Gage_masterfile,,hamd23,"HAMD item 23","Current illness severity",,,,,,,,,,,,,,,,,,,,"Depression symptoms",,,,,,,,,,,,,,,,,,,,,,,,,,,,,,,,,,,,,,,,,,,,,,,,,,,,,,,,,,,,,,,,,,,,,,,,,,,,,,,,,,,,,,,,None,,Yes,"Hamilton Depression Rating Scale (HAM-D)",,"Item score",No,No,,Continuous,integer,,,No,,,Complete
1675,Gage_masterfile,,hamd24,"HAMD item 24","Current illness severity",,,,,,,,,,,,,,,,,,,,"Depression symptoms",,,,,,,,,,,,,,,,,,,,,,,,,,,,,,,,,,,,,,,,,,,,,,,,,,,,,,,,,,,,,,,,,,,,,,,,,,,,,,,,,,,,,,,,None,,Yes,"Hamilton Depression Rating Scale (HAM-D)",,"Item score",No,No,,Continuous,integer,,,No,,,Incomplete
1676,Gage_masterfile,,hamd25,"HAMD item 25","Current illness severity",,,,,,,,,,,,,,,,,,,,"Depression symptoms",,,,,,,,,,,,,,,,,,,,,,,,,,,,,,,,,,,,,,,,,,,,,,,,,,,,,,,,,,,,,,,,,,,,,,,,,,,,,,,,,,,,,,,,None,,Yes,"Hamilton Depression Rating Scale (HAM-D)",,"Item score",No,No,,Continuous,integer,,,No,,,Incomplete
1677,Gage_masterfile,,hamd26,"HAMD item 26Helplessness(taken from UCSD 28 item HAMD)","Current illness severity",,,,,,,,,,,,,,,,,,,,"Depression symptoms",,,,,,,,,,,,,,,,,,,,,,,,,,,,,,,,,,,,,,,,,,,,,,,,,,,,,,,,,,,,,,,,,,,,,,,,,,,,,,,,,,,,,,,,None,,Yes,"Hamilton Depression Rating Scale (HAM-D)",,"Item score",No,No,,Continuous,integer,,,No,,,Complete
1678,Gage_masterfile,,hamd27,"HAMD item 27Hopelessness(taken from UCSD 27 item HAMD)","Current illness severity",,,,,,,,,,,,,,,,,,,,"Depression symptoms",,,,,,,,,,,,,,,,,,,,,,,,,,,,,,,,,,,,,,,,,,,,,,,,,,,,,,,,,,,,,,,,,,,,,,,,,,,,,,,,,,,,,,,,None,,Yes,"Hamilton Depression Rating Scale (HAM-D)",,"Item score",No,No,,Continuous,integer,,,No,,,Complete
1679,Gage_masterfile,,hamd28,"HAMD item 28Worthlessness(taken from UCSD 28 item HAMD)","Current illness severity",,,,,,,,,,,,,,,,,,,,"Depression symptoms",,,,,,,,,,,,,,,,,,,,,,,,,,,,,,,,,,,,,,,,,,,,,,,,,,,,,,,,,,,,,,,,,,,,,,,,,,,,,,,,,,,,,,,,None,,No,,,,,,,Continuous,integer,,,No,,,Complete
1680,Gage_masterfile,,hamd_tot17,"HAMD total 17 item","Current illness severity",,,,,,,,,,,,,,,,,,,,"Depression symptoms",,,,,,,,,,,,,,,,,,,,,,,,,,,,,,,,,,,,,,,,,,,,,,,,,,,,,,,,,,,,,,,,,,,,,,,,,,,,,,,,,,,,,,,,None,,Yes,"Hamilton Depression Rating Scale (HAM-D)",,"Item score",No,No,,Continuous,integer,,,No,,,Complete
1681,Gage_masterfile,,hamd_tot28,"HAMD total 28 item","Current illness severity",,,,,,,,,,,,,,,,,,,,"Depression symptoms",,,,,,,,,,,,,,,,,,,,,,,,,,,,,,,,,,,,,,,,,,,,,,,,,,,,,,,,,,,,,,,,,,,,,,,,,,,,,,,,,,,,,,,,None,,Yes,"Hamilton Depression Rating Scale (HAM-D)",,"Total/summary score",No,No,,Continuous,integer,,,No,,,Incomplete
1682,Gage_masterfile,,hamd_tot24,"HAMD total 24 item",,,,,,,,,,,,,,,,,,,,,,,,,,,,,,,,,,,,,,,,,,,,,,,,,,,,,,,,,,,,,,,,,,,,,,,,,,,,,,,,,,,,,,,,,,,,,,,,,,,,,,,,,,,,,,,,,,,,,,,,,,,,,Incomplete
1683,Gage_masterfile,,hamd_tot21,"HAMD total 21 item","Current illness severity",,,,,,,,,,,,,,,,,,,,"Depression symptoms",,,,,,,,,,,,,,,,,,,,,,,,,,,,,,,,,,,,,,,,,,,,,,,,,,,,,,,,,,,,,,,,,,,,,,,,,,,,,,,,,,,,,,,,None,,Yes,"Hamilton Depression Rating Scale (HAM-D)",,"Item score",No,,,Continuous,"Obsessional/compulsive symptoms",,,No,,,Complete
1684,Gage_masterfile,,gaf_tot,"GAF total","Current illness severity",,,,,,,,,,,,,,,,,,,,Functioning,,"Rated by others",,,,,,,,,,,,,,,,,,,,,,,,,,,,,,,,,,,,,,,,,,,,,,,,,,,,,,,,,,,,,,,,,,,,,,,,,,,,,,,,,,,,,,None,,Yes,"Global Assesment of Functioning (GAF)",,"Item score",No,No,,Continuous,integer,,,No,,,Unverified
1685,Gage_masterfile,,cgi_text,"Clinical global impression-severity of illnessRange: 0-7 (higher value, more ill)","Current illness severity",,,,,,,,,,,,,,,,,,,,"Overall symptom severity",,,,,,,,,,,,,,,,,,,,,,,,,,,,,,,,,,,,,,,,,,,,,,,,,,,,,,,,,,,,,,,,,,,,,,,,,,,,,,,,,,,,,,,,None,,Yes,"(CGI)Clinical Global Impression (CGI)",,"Item score",No,No,,Continuous,integer,,,No,,,Complete
1686,Gage_masterfile,,cgi,"CGI score-Overall symptom severity/severity of illness","Current illness severity",,,,,,,,,,,,,,,,,,,,"Overall symptom severity",,,,,,,,,,,,,,,,,,,,,,,,,,,,,,,,,,,,,,,,,,,,,,,,,,,,,,,,,,,,,,,,,,,,,,,,,,,,,,,,,,,,,,,,None,,Yes,"(CGI)Clinical Global Impression (CGI)",,"Item score",No,No,,Continuous,integer,,,No,,,Incomplete
1687,Gage_masterfile,,sofas_text,"Social and Occupational Functioning Assessment ScaleRange: 0-100(100 represents greater functioning/health)The SOFAS is a new scale that differs from the Global Assessment of Functioning (GAF) Scale in that it focusesexclusively on the individual's level of social and occupational functioning and is not directly influenced by the overallseverity of the individual's psychological symptoms. Also in contrast to the GAF Scale, any impairment in social andoccupational functioning that is due to general medical conditions is considered in making the SOFAS rating. The SOFASis usually used to rate functioning for the current period (i.e., the level of functioning at the time of the evaluation).The SOFAS may also be used to rate functioning for other time periods. For example, for some purposes it may beuseful to evaluate functioning for the past year (i.e., the highest level of functioning for at least a few months duringthe past year).Consider social and occupational functioning on a continuum from excellent functioning to grossly impaired functioning.Include impairments in functioning due to physical limitations, as well as those due to mental impairments. To becounted, impairment must be a direct consequence of mental and physical health problems; the effects of lack ofopportunity and other environmental limitations are not to be considered.","Current illness severity",,,,,,,,,,,,,,,,,,,,Functioning,,"Rated by others",,,,,,,,,,,,,,,,,,,,,,,,,,,,,,,,,,,,,,,,,,,,,,,,,,,,,,,,,,,,,,,,,,,,,,,,,,,,,,,,,,,,,,None,,Yes,"Social and Occupational Functioning Assessment Scale (SOFAS)",,"Item score",No,No,,Continuous,integer,,,No,,,Complete
1688,Gage_masterfile,,sofas,"SOFAS score","Current illness severity",,,,,,,,,,,,,,,,,,,,Functioning,,"Rated by others",,,,,,,,,,,,,,,,,,,,,,,,,,,,,,,,,,,,,,,,,,,,,,,,,,,,,,,,,,,,,,,,,,,,,,,,,,,,,,,,,,,,,,None,,Yes,"Social and Occupational Functioning Assessment Scale (SOFAS)",,"Total/summary score",No,No,,Continuous,integer,,,No,,,Complete
1689,Gage_masterfile,,decrip_panas,,"Current illness severity",,,,,,,,,,,,,,,,,,,,"Overall symptom severity",,,,,,,,,,,,,,,,,,,,,,,,,,,,,,,,,,,,,,,,,,,,,,,,,,,,,,,,,,,,,,,,,,,,,,,,,,,,,,,,,,,,,,,,None,,Yes,Other,"Positive and Negative Affect Schedule(PANAS-SF)","Item score",No,No,,"String/character variable",,,,No,,"Scoring:  Positive Affect Score: Add the scores on items 1, 3, 5, 9, 10,  12, 14, 16, 17, and 19. Scores can  range from 10 - 50, with higher scores representing higher  levels of positive affect.  Mean Scores: 33.3 (SD±7.2)  Negative Affect Score: Add the scores on items 2, 4, 6, 7, 8,  11, 13, 15, 18, and 20. Scores can  range from 10 - 50, with lower scores representing lower  levels of negative affect.  Mean Score: 17.4 (SD ± 6.2)",Complete
1690,Gage_masterfile,,panas_1,"PANAS item 1Interested","Current illness severity",,,,,,,,,,,,,,,,,,,,"Overall symptom severity",,,,,,,,,,,,,,,,,,,,,,,,,,,,,,,,,,,,,,,,,,,,,,,,,,,,,,,,,,,,,,,,,,,,,,,,,,,,,,,,,,,,,,,,None,,Yes,Other,"Positive and Negative Affect Schedule(PANAS-SF)","Item score",No,No,,Continuous,integer,,,No,,,Complete
1691,Gage_masterfile,,panas_2,"PANAS item 2Distressed","Current illness severity",,,,,,,,,,,,,,,,,,,,"Overall symptom severity",,,,,,,,,,,,,,,,,,,,,,,,,,,,,,,,,,,,,,,,,,,,,,,,,,,,,,,,,,,,,,,,,,,,,,,,,,,,,,,,,,,,,,,,Other,,Yes,Other,"Positive and Negative Affect Schedule(PANAS-SF)","Item score",No,No,,Continuous," integer",,,No,,,Complete
1692,Gage_masterfile,,panas_3,"PANAS item 3Excited","Current illness severity",,,,,,,,,,,,,,,,,,,,"Overall symptom severity",,,,,,,,,,,,,,,,,,,,,,,,,,,,,,,,,,,,,,,,,,,,,,,,,,,,,,,,,,,,,,,,,,,,,,,,,,,,,,,,,,,,,,,,None,,Yes,Other,"Positive and Negative Affect Schedule(PANAS-SF)","Item score",No,No,3,Continuous,integer,,,No,,,Complete
1693,Gage_masterfile,,panas_4,"PANAS item 4Upset","Current illness severity",,,,,,,,,,,,,,,,,,,,"Overall symptom severity",,,,,,,,,,,,,,,,,,,,,,,,,,,,,,,,,,,,,,,,,,,,,,,,,,,,,,,,,,,,,,,,,,,,,,,,,,,,,,,,,,,,,,,,None,,Yes,Other,"Positive and Negative Affect Schedule(PANAS-SF)","Item score",No,No,,Continuous,integer,,,No,,,Complete
1694,Gage_masterfile,,panas_5,"PANAS item 5Strong","Current illness severity",,,,,,,,,,,,,,,,,,,,"Overall symptom severity",,,,,,,,,,,,,,,,,,,,,,,,,,,,,,,,,,,,,,,,,,,,,,,,,,,,,,,,,,,,,,,,,,,,,,,,,,,,,,,,,,,,,,,,None,,Yes,Other,"Positive and Negative Affect Schedule(PANAS-SF)","Item score",No,No,,Continuous,integer,,,No,,,Complete
1695,Gage_masterfile,,panas_6,"PANAS item 6Guilty","Current illness severity",,,,,,,,,,,,,,,,,,,,"Overall symptom severity",,,,,,,,,,,,,,,,,,,,,,,,,,,,,,,,,,,,,,,,,,,,,,,,,,,,,,,,,,,,,,,,,,,,,,,,,,,,,,,,,,,,,,,,None,,Yes,Other,"Positive and Negative Affect Schedule(PANAS-SF)","Item score",No,No,,Continuous,integer,,,No,,,Complete
1696,Gage_masterfile,,panas_7,"PANAS item 7Scared","Current illness severity",,,,,,,,,,,,,,,,,,,,"Overall symptom severity",,,,,,,,,,,,,,,,,,,,,,,,,,,,,,,,,,,,,,,,,,,,,,,,,,,,,,,,,,,,,,,,,,,,,,,,,,,,,,,,,,,,,,,,None,,Yes,Other,"Positive and Negative Affect Schedule(PANAS-SF)","Item score",No,No,,Continuous,integer,,,No,,,Complete
1697,Gage_masterfile,,panas_8,"PANAS item 8Hostile","Current illness severity",,,,,,,,,,,,,,,,,,,,"Overall symptom severity",,,,,,,,,,,,,,,,,,,,,,,,,,,,,,,,,,,,,,,,,,,,,,,,,,,,,,,,,,,,,,,,,,,,,,,,,,,,,,,,,,,,,,,,None,,Yes,Other,"Positive and Negative Affect Schedule(PANAS-SF)","Item score",No,No,,Continuous,integer,,,No,,,Complete
1698,Gage_masterfile,,panas_9,"PANAS item 9Enthusiastic","Current illness severity",,,,,,,,,,,,,,,,,,,,"Overall symptom severity",,,,,,,,,,,,,,,,,,,,,,,,,,,,,,,,,,,,,,,,,,,,,,,,,,,,,,,,,,,,,,,,,,,,,,,,,,,,,,,,,,,,,,,,None,,Yes,Other,"Positive and Negative Affect Schedule(PANAS-SF)","Item score",No,No,,Continuous,integer,,,,,,Complete
1699,Gage_masterfile,,panas_10,"PANAS item 10Proud","Current illness severity",,,,,,,,,,,,,,,,,,,,"Overall symptom severity",,,,,,,,,,,,,,,,,,,,,,,,,,,,,,,,,,,,,,,,,,,,,,,,,,,,,,,,,,,,,,,,,,,,,,,,,,,,,,,,,,,,,,,,None,,Yes,Other,"Positive and Negative Affect Schedule(PANAS-SF)","Item score",No,No,,Continuous,integer,,,No,,,Complete
1700,Gage_masterfile,,panas_11,"PANAS item 11Irritable","Current illness severity",,,,,,,,,,,,,,,,,,,,"Overall symptom severity",,,,,,,,,,,,,,,,,,,,,,,,,,,,,,,,,,,,,,,,,,,,,,,,,,,,,,,,,,,,,,,,,,,,,,,,,,,,,,,,,,,,,,,,None,,Yes,Other,"Positive and Negative Affect Schedule(PANAS-SF)","Item score",No,No,,Continuous,integer,,,No,,,Complete
1701,Gage_masterfile,,panas_12,"PANAS item 12Alert","Current illness severity",,,,,,,,,,,,,,,,,,,,"Overall symptom severity",,,,,,,,,,,,,,,,,,,,,,,,,,,,,,,,,,,,,,,,,,,,,,,,,,,,,,,,,,,,,,,,,,,,,,,,,,,,,,,,,,,,,,,,None,,Yes,Other,"Positive and Negative Affect Schedule(PANAS-SF)","Total/summary score",No,No,,Continuous,integer,,,No,,,Complete
1702,Gage_masterfile,,panas_13,"PANAS item 13Ashamed","Current illness severity",,,,,,,,,,,,,,,,,,,,"Overall symptom severity",,,,,,,,,,,,,,,,,,,,,,,,,,,,,,,,,,,,,,,,,,,,,,,,,,,,,,,,,,,,,,,,,,,,,,,,,,,,,,,,,,,,,,,,Other,"Positive and Negative Affect Schedule(PANAS-SF)",No,,,,,,,Continuous,integer,,,No,,,Complete
1703,Gage_masterfile,,panas_14,"PANAS item 14Inspired","Current illness severity",,,,,,,,,,,,,,,,,,,,"Overall symptom severity",,,,,,,,,,,,,,,,,,,,,,,,,,,,,,,,,,,,,,,,,,,,,,,,,,,,,,,,,,,,,,,,,,,,,,,,,,,,,,,,,,,,,,,,None,,Yes,Other,"Positive and Negative Syndrome Scale (PANSS), Other","Item score",No,No,,Continuous,integer,,,No,,,Complete
1704,Gage_masterfile,,panas_15,"PANAS item 15Nervous","Current illness severity",,,,,,,,,,,,,,,,,,,,"Overall symptom severity",,,,,,,,,,,,,,,,,,,,,,,,,,,,,,,,,,,,,,,,,,,,,,,,,,,,,,,,,,,,,,,,,,,,,,,,,,,,,,,,,,,,,,,,None,,Yes,Other,"Positive and Negative Syndrome Scale (PANSS), Other","Item score",No,No,,Continuous,integer,,,No,,,Complete
1705,Gage_masterfile,,panas_16,"PANAS item 16Determined","Current illness severity",,,,,,,,,,,,,,,,,,,,"Overall symptom severity",,,,,,,,,,,,,,,,,,,,,,,,,,,,,,,,,,,,,,,,,,,,,,,,,,,,,,,,,,,,,,,,,,,,,,,,,,,,,,,,,,,,,,,,None,,Yes,Other,,"Item score",No,No,,Continuous,integer,,,No,,,Complete
1706,Gage_masterfile,,panas_17,"PANAS item 17Attentive","Current illness severity",,,,,,,,,,,,,,,,,,,,"Overall symptom severity",,,,,,,,,,,,,,,,,,,,,,,,,,,,,,,,,,,,,,,,,,,,,,,,,,,,,,,,,,,,,,,,,,,,,,,,,,,,,,,,,,,,,,,,None,,Yes,Other,,"Item score",No,No,"Positive and Negative Syndrome Scale (PANSS), Other",Continuous," intetger",,,No,,,Complete
1707,Gage_masterfile,,panas_18,"PANAS item 18Jittery","Current illness severity",,,,,,,,,,,,,,,,,,,,"Overall symptom severity",,,,,,,,,,,,,,,,,,,,,,,,,,,,,,,,,,,,,,,,,,,,,,,,,,,,,,,,,,,,,,,,,,,,,,,,,,,,,,,,,,,,,,,,None,,Yes,Other,"Positive and Negative Syndrome Scale (PANSS), Other","Item score",No,No,,Continuous,integer,,,No,,,Complete
1708,Gage_masterfile,,panas_19,"PANAS item 19Active","Current illness severity",,,,,,,,,,,,,,,,,,,,"Overall symptom severity",,,,,,,,,,,,,,,,,,,,,,,,,,,,,,,,,,,,,,,,,,,,,,,,,,,,,,,,,,,,,,,,,,,,,,,,,,,,,,,,,,,,,,,,None,,Yes,Other,"Positive and Negative Syndrome Scale (PANSS), Other","Item score",No,No,,Continuous," integer",,,No,,,Complete
1709,Gage_masterfile,,panas_20,"PANAS item 20Afraid","Current illness severity",,,,,,,,,,,,,,,,,,,,"Overall symptom severity",,,,,,,,,,,,,,,,,,,,,,,,,,,,,,,,,,,,,,,,,,,,,,,,,,,,,,,,,,,,,,,,,,,,,,,,,,,,,,,,,,,,,,,,None,,Yes,Other,"Positive and Negative Syndrome Scale (PANSS), Other","Item score",No,No,20,Continuous,integer,,,No,,,Complete
1710,Gage_masterfile,,panas_neg,"PANAS negative scoring","Current illness severity",,,,,,,,,,,,,,,,,,,,"Overall symptom severity",,,,,,,,,,,,,,,,,,,,,,,,,,,,,,,,,,,,,,,,,,,,,,,,,,,,,,,,,,,,,,,,,,,,,,,,,,,,,,,,,,,,,,,,None,,Yes,Other,"Positive and Negative Syndrome Scale (PANSS), Other","Item total score",Yes,No,,Continuous,integer,,,No,,,Complete
1711,Gage_masterfile,,panas_pos,"PANAS positive scoring","Current illness severity",,,,,,,,,,,,,,,,,,,,"Overall symptom severity",,,,,,,,,,,,,,,,,,,,,,,,,,,,,,,,,,,,,,,,,,,,,,,,,,,,,,,,,,,,,,,,,,,,,,,,,,,,,,,,,,,,,,,,None,,Yes,Other,"Positive and Negative Syndrome Scale (PANSS), Other","Item score",No,No,,Continuous,integer,,,No,,,Complete
1712,Gage_masterfile,,cirsg_tot,"CIRS-G total","Physical health",,,,,,,,,,,,,,,,,,,,,,,,,,,,,,,,,,,,,,,,,,,,,,,,,,,,,,,,,,,,,,,,,,,,,,,,,,,,,,,,,,,,,,,,,,,Comorbidities,"Global physical comorbidity score",,,"Severity score",,,,,,,,,,,,,None,,Yes,"(CIRS-G)Cumulative Illness Rating Scale for Geriatrics (Cumulative Illness Rating Scale (CIRS)-G)",,"Total/summary score",No,No,,"String/character variable",,,,No,,,Complete
1713,Gage_masterfile,,cirsg_neurological,"CIRS-G neurological score","Physical health",,,,,,,,,,,,,,,,,,,,,,,,,,,,,,,,,,,,,,,,,,,,,,,,,,,,,,,,,,,,,,,,,,,,,,,,,,,,,,,,,,,,,,,,,,,Comorbidities,Neurologic,,,,,,,,,,,,,,,,None,,Yes,"(CIRS-G)Cumulative Illness Rating Scale for Geriatrics (Cumulative Illness Rating Scale (CIRS)-G)",,"Item total score",No,No,,Continuous,integer,,,No,,,Complete
1714,Gage_masterfile,,cirsg_psychiatric_illness,"CIRS_G Psychiatric illness score","Current illness severity",,,,,,,,,,,,,,,,,,,,"Overall symptom severity",,,,,,,,,,,,,,,,,,,,,,,,,,,,,,,,,,,,,,,,,,,,,,,,,,,,,,,,,,,,,,,,,,,,,,,,,,,,,,,,,,,,,,,,None,,Yes,"(CIRS-G)Cumulative Illness Rating Scale for Geriatrics (Cumulative Illness Rating Scale (CIRS)-G)",,"Item score",No,No,,Continuous,integer,,,No,,,Complete
1715,Gage_masterfile,,cirsg_total_score,"CIRSG Total Score","Physical health",,,,,,,,,,,,,,,,,,,,,,,,,,,,,,,,,,,,,,,,,,,,,,,,,,,,,,,,,,,,,,,,,,,,,,,,,,,,,,,,,,,,,,,,,,,Comorbidities,"Global physical comorbidity score",,,"Severity score",,,,,,,,,,,,,None,,Yes,"(CIRS)Cumulative Illness Rating Scale (CIRS)",,"Item score",No,No,,Continuous,integer,,,No,,,Complete
1716,Gage_masterfile,,cesdtot,"Total score CES-D scale (calculated, incl reversal of CESD4,8,12,16)","Physical health",,,,,,,,,,,,,,,,,,,,,,,,,,,,,,,,,,,,,,,,,,,,,,,,,,,,,,,,,,,,,,,,,,,,,,,,,,,,,,,,,,,,,,,,,,,Comorbidities,"Global physical comorbidity score",,,"Severity score",,,,,,,,,,,,,None,,Yes,"(CESD)Center for Epidemiological Studies - Depression (CES-D)",,"Total/summary score",No,No,,Continuous,integer,,,No,,,Complete
1717,Gage_masterfile,,idsc_sum,"IDSC Total Sum scoreINVENTORY OF DEPRESSIVE SYMPTOMATOLOGY (CLINICIAN-RATED)","Current illness severity",,,,,,,,,,,,,,,,,,,,"Overall symptom severity",,,,,,,,,,,,,,,,,,,,,,,,,,,,,,,,,,,,,,,,,,,,,,,,,,,,,,,,,,,,,,,,,,,,,,,,,,,,,,,,,,,,,,,,None,,Yes,"Quick Inventory for Depression Symptomology (QIDS)",,"Total/summary score",No,No,,Continuous,integer,,,No,,,Complete
1718,Gage_masterfile,,dep_band,"Depression band harmonized from HAMD and MADRS:MADRAS calculation: 0-6=1, 7-19=2, 20-34=3, 35-60=4HAMD calculation: ge 0 and le 7 then dep_band=1ge 8 and le 16 then dep_band=2ge 17 and le 23 then dep_band=3ge 24 and le 50(can also just be greater than 24) then dep_band=4HAMD 17 & 28 were used for harmonizing according to BW notesIDSC sum: ? 13=1/absent14-23=2/mild24-38=3/moderate? 39=4/severe","Current illness severity",,,,,,,,,,,,,,,,,,,,"Overall symptom severity",,,,,,,,,,,,,,,,,,,,,,,,,,,,,,,,,,,,,,,,,,,,,,,,,,,,,,,,,,,,,,,,,,,,,,,,,,,,,,,,,,,,,,,,None,,Yes,Multiple,,"Total/summary score",No,No,,Categorical,,4,"1 absent  2 mild  3 moderate  4 severe",Yes," HAMD and MADRS variables","Depression band harmonized from HAMD and MADRS:    MADRAS calculation:  0-6=1,  7-19=2,  20-34=3,  35-60=4  HAMD calculation:  ge 0 and le 7 then dep_band=1  ge 8 and le 16 then dep_band=2  ge 17 and le 23 then dep_band=3  ge 24 and le 50(can also just be greater than 24) then  dep_band=4  HAMD 17 & 28 were used for harmonizing according to  BW notes  IDSC sum:  ≤ 13=1/absent  14-23=2/mild  24-38=3/moderate  ≥ 39=4/severe",Unverified
1719,Gage_masterfile,,dep_band_3levelcalculated,"Depression band harmonized from HAMD, MADRAS, and CESD total scores. Cutoffs used for the Hamilton Depression Rating Scale were no depression (0?7); mild to moderate depression (8?23); and severe depression (?24).17 Although there have been various suggestions on how to cross-walk the MADRS with other symptom severity measures, 18,19 for this analysis, cutoffs used for the MADRS were no depression (0?6); mild to moderate depression (7?34); and severe depression (?35).20?22   Finally, for the CESD the cutoffs used were no depression (0-15); mild to moderate depression (16 to 27); and severe depression (?28). 23IDSC scores:? 13=0/absent14-23=1/mild ? 24=2/moderate/severe","Current illness severity",,,,,,,,,,,,,,,,,,,,"Depression symptoms",,,,,,,,,,,,,,,,,,,,,,,,,,,,,,,,,,,,,,,,,,,,,,,,,,,,,,,,,,,,,,,,,,,,,,,,,,,,,,,,,,,,,,,,None,,Yes,Multiple,,"Item score",No,No,,Categorical,,3,"None = 0  Mild-moderate = 1  Severe = 2   ",No,,,Complete
1720,Gage_masterfile,,dep_band_3level,"Depression band harmonized from HAMD, MADRAS, and CESD total scores. USE for analysis because executive decisions were made regarding discrepancies. Cutoffs used for the Hamilton Depression Rating Scale were no depression (0?7); mild to moderate depression (8?23); and severe depression (?24).17 Although there have been various suggestions on how to cross-walk the MADRS with other symptom severity measures, 18,19 for this analysis, cutoffs used for the MADRS were no depression (0?6); mild to moderate depression (7?34); and severe depression (?35).20?22   Finally, for the CESD the cutoffs used were no depression (0-15); mild to moderate depression (16 to 27); and severe depression (?28). IDSC scores:? 13=0/absent14-23=1/mild ? 24=2/moderate/severe","Current illness severity",,,,,,,,,,,,,,,,,,,,"Depression symptoms",,,,,,,,,,,,,,,,,,,,,,,,,,,,,,,,,,,,,,,,,,,,,,,,,,,,,,,,,,,,,,,,,,,,,,,,,,,,,,,,,,,,,,,,None,,Yes,Multiple,,"Item score",No,No,,Continuous,integer,,,No,,"Depression band harmonized from HAMD, MADRAS, and  CESD total scores. USE for analysis because executive  decisions were made regarding discrepancies.  Cutoffs used for the Hamilton Depression Rating Scale  were no depression (0−7); mild to moderate depression  (8−23); and severe depression (≥24).17 Although there  have been various suggestions on how to cross-walk the  MADRS with other symptom severity measures, 18,19 for  this analysis, cutoffs used for the MADRS were no  depression (0−6); mild to moderate depression (7−34); and  severe depression (≥35).20−22 Finally, for the CESD the  cutoffs used were no depression (0-15); mild to moderate  depression (16 to 27); and severe depression (≥28).",Complete
1721,Gage_masterfile,,dep_band_3levelcat,"Depression band harmonized from HAMD, MADRAS, and CESD total scores.IDSC scores:? 13=0/absent14-23=1/mild ? 24=2/moderate/severe","Current illness severity",,,,,,,,,,,,,,,,,,,,"Depression symptoms",,,,,,,,,,,,,,,,,,,,,,,,,,,,,,,,,,,,,,,,,,,,,,,,,,,,,,,,,,,,,,,,,,,,,,,,,,,,,,,,,,,,,,,,None,,Yes,Multiple,,"Total/summary score",No,No,,Categorical,,3,"0 No depression  1 Mild to moderate depression  2 Severe depression",No,,,Incomplete
1722,Gage_masterfile,,comorb1,"Cardiovascular comorbidityAreas it includes: Heart, Vascular, HemtopoieticPossible examples: Congenital heart defects (chd), heart attack, angina,afib,atherosclerosis,coronary insufficiency,congestive heart failure,cardiomyopathy,intermittent claudication,left vent hypertrophy, angina pectoris, cardiac dysrhythmia, angioplasty, bypass, myocardial infarction (MI), Arrhythmia, Coronary (CAD),  Hypertension (HTN), Hypercholesterolemia, hyperlipidemia,stroke, hypercholesterolemia, cardiovascular disease, leg/abdomen vein disorder, anneurysm, high triglycerides, Dyslipidemia, Anemia","Physical health",,,,,,,,,,,,,,,,,,,,,,,,,,,,,,,,,,,,,,,,,,,,,,,,,,,,,,,,,,,,,,,,,,,,,,,,,,,,,,,,,,,,,,,,,,,Comorbidities,Heart,,,,,,,,,,,,,,,,None,,Yes,Other,,"Item score",No,No,,Continuous,integer,,,No,,,Complete
1723,Gage_masterfile,,comorb2,"Respiratory comorbidityAreas it includes: Respiratory, ENT + eyes, larynxExamples:COPD, asthma , chronic bronchitis, emphysema, eyes ears nose throat,periodontal,vision,hearing, allergies/hay fever, allergy, Obstructive sleep apnea, glaucoma","Physical health",,,,,,,,,,,,,,,,,,,,,,,,,,,,,,,,,,,,,,,,,,,,,,,,,,,,,,,,,,,,,,,,,,,,,,,,,,,,,,,,,,,,,,,,,,,Comorbidities,Respiratory,,,,,,,,,,,,,,,,None,,,,,,,,,Continuous,integer,,,No,,,Incomplete
1724,Gage_masterfile,,comorb3,"Gastrointestinal comorbidityAreas it includes: Upper GI, Lower, GI Examples: Diseases of digestive system: upper gi,celiac,IBS, gastric or duodenal ulcer, bloating/constipation, gastro-intestinal reflux, gastric lymphoma, lower gi, ulcerative colitis, crohn's disease, Colon Cancer, diverticulitis","Physical health",,,,,,,,,,,,,,,,,,,,,,,,,,,,,,,,,,,,,,,,,,,,,,,,,,,,,,,,,,,,,,,,,,,,,,,,,,,,,,,,,,,,,,,,,,,Comorbidities,,,,,,,,,,,,,,,,,None,,Yes,,,,,,,Continuous,integer,,,No,,,Complete
1725,Gage_masterfile,,comorb4,"Hepatic/Pancreatic comorbidityAreas it includes: Liver/pancreas/biliaryExamples: liver: liver cirrhosis,  Hepatitis C, hepatitis (no subtype specified)","Physical health",,,,,,,,,,,,,,,,,,,,,,,,,,,,,,,,,,,,,,,,,,,,,,,,,,,,,,,,,,,,,,,,,,,,,,,,,,,,,,,,,,,,,,,,,,,Comorbidities,"Liver/pancreas/ and biliary",,,,,,,,,,,,,,,,None,,,,,,,,,Continuous,integer,,,No,,,Complete
1726,Gage_masterfile,,comorb5,"Renal comorbidityAreas it includes: RenalExamples: Chronic Kidney Disease (CKD) Stage 1 (90); 2(60-89); 3 (30-59); 4 or 5 (<30), renal, Nephrotoxicity (lithium), renal insufficiency","Physical health",,,,,,,,,,,,,,,,,,,,,,,,,,,,,,,,,,,,,,,,,,,,,,,,,,,,,,,,,,,,,,,,,,,,,,,,,,,,,,,,,,,,,,,,,,,Comorbidities,Renal,,,,,,,,,,,,,,,,None,,Yes,,,,,,,Continuous,integer,,,No,,,Complete
1727,Gage_masterfile,,comorb6,"GU(genito-urinary) comorbidityAreas it includes: GUExamples: genitourinary, Prostatic hypertrophy","Physical health",,,,,,,,,,,,,,,,,,,,,,,,,,,,,,,,,,,,,,,,,,,,,,,,,,,,,,,,,,,,,,,,,,,,,,,,,,,,,,,,,,,,,,,,,,,Comorbidities,Genitourinary,,,,,,,,,,,,,,,,None,,,,,,,,,Continuous,integer,,,No,,,Complete
1728,Gage_masterfile,,comorb7,"Musculoskeletal comorbidityAreas it includes: Musculoskeletal and skinExamples: diseases of musculoskeletal system:cystic acne, musculoskeletal conditions ,fibromyalgia, arthritis, rheumatoid disorder, lupus, eczema, rheumatoid arthritis, back/spine problems, orteomuscular (osteomuscular conditions), Fibromyalgia, Obesity, Osteoporosis","Physical health",,,,,,,,,,,,,,,,,,,,,,,,,,,,,,,,,,,,,,,,,,,,,,,,,,,,,,,,,,,,,,,,,,,,,,,,,,,,,,,,,,,,,,,,,,,Comorbidities,"Musculoskeletal and skin",,,,,,,,,,,,,,,,None,,,,,,,,,Continuous,integer,,,No,,,Unverified
1729,Gage_masterfile,,comorb8,"Endocrine comorbidityAreas it includes: Endrocrine/breastExamples: graves disease, hypothyroidism, hyperthyroidism, diabetes, diseases of thyroid gland, irregular periods, PCOS,menopausal symptoms, fertility problems, high blood glucose or insulin resistance, Type I diabetes, Type II diabetes, Breast cancer, glucose intolerance","Physical health",,,,,,,,,,,,,,,,,,,,,,,,,,,,,,,,,,,,,,,,,,,,,,,,,,,,,,,,,,,,,,,,,,,,,,,,,,,,,,,,,,,,,,,,,,,Comorbidities,"Endocrine and breast",,,,,,,,,,,,,,,,None,,,,,,,,,Continuous,integer,,,,,,Complete
1730,Gage_masterfile,,comorb9,"Other medical comorbidity? Includes unspecified cancers, medical conditions that have a diagnosis, care plan, etc.. random description of pain like 'back spasms' doesn't qualify as a comorbidity.0=no other comorbidities","Physical health",,,,,,,,,,,,,,,,,,,,,,,,,,,,,,,,,,,,,,,,,,,,,,,,,,,,,,,,,,,,,,,,,,,,,,,,,,,,,,,,,,,,,,,,,,,Comorbidities,,,,,,,,,,,,,,,,,,,,,,,,,,Continuous,integer,,,No,,,Incomplete
1731,Gage_masterfile,,height,Height(cm),"Physical health",,,,,,,,,,,,,,,,,,,,,,,,,,,,,,,,,,,,,,,,,,,,,,,,,,,,,,,,,,,,,,,,,,,,,,,,,,,,,,,,,,,,,,,,,,,"Physical Measurements",,,,,,Height,,,,,,,,,,,None,,No,,,,,,,Continuous,cm,,,No,,,Complete
1732,Gage_masterfile,,weight,Weight(kg),"Physical health",,,,,,,,,,,,,,,,,,,,,,,,,,,,,,,,,,,,,,,,,,,,,,,,,,,,,,,,,,,,,,,,,,,,,,,,,,,,,,,,,,,,,,,,,,,"Physical Measurements",,,,,,Weight,,,,,,,,,,,None,,Yes,None,,,,,,Continuous,kg,,,No,,,Complete
1733,Gage_masterfile,,bmi,"BMI(Body Mass Index) kg/m^2","Physical health",,,,,,,,,,,,,,,,,,,,,,,,,,,,,,,,,,,,,,,,,,,,,,,,,,,,,,,,,,,,,,,,,,,,,,,,,,,,,,,,,,,,,,,,,,,"Physical Measurements",,,,,,"Body mass index",,,,,,,,,,,None,,No,,,,,,,Continuous,kg/m^2,,,Yes,"height, weight",,Complete
1734,Gage_masterfile,,mmse_tot,"MMSE-Mini Mental State Exam Total Score(0-30)",Cognitive,,,,,,,,,,,,,,,,,,,,,,,,,,,,,,,,,,,,,,,,,,,,,,,,,,,,,,,,,,,,,,,,,,,,,,,,,,,,,,,,,,,,,,,,,,,,,,,,,,,,,Global,"Global/screening score",,,,,,None,,Yes,"(MINI)Mini International Neuropsychiatric Interview (MINI)",,"Total/summary score",No,No,,Continuous,integer,,,No,,,Incomplete
